company,source,review_text,rating,review_date,scraped_at
Carefood,yandex,"–Ø —Ö–æ—Ç–µ–ª–∞ –±—ã –ø–æ–¥–µ–ª–∏—Ç—å—Å—è —Å–≤–æ–∏–º –ø–æ–ª–æ–∂–∏—Ç–µ–ª—å–Ω—ã–º –æ–ø—ã—Ç–æ–º –ø–æ–∫—É–ø–∫–∏ –ø—Ä–æ–¥—É–∫—Ç–æ–≤ –≤ –º–∞–≥–∞–∑–∏–Ω–µ Carefood. –≠—Ç–æ—Ç –º–∞–≥–∞–∑–∏–Ω —Å—Ç–∞–ª –¥–ª—è –º–µ–Ω—è –Ω–∞—Å—Ç–æ—è—â–∏–º –æ—Ç–∫—Ä—ã—Ç–∏–µ–º, —Ç–∞–∫ –∫–∞–∫ –∑–¥–µ—Å—å –ø—Ä–µ–¥—Å—Ç–∞–≤–ª–µ–Ω —à–∏—Ä–æ–∫–∏–π –∞—Å—Å–æ—Ä—Ç–∏–º–µ–Ω—Ç —Å–≤–µ–∂–∏—Ö –∏ –∫–∞—á–µ—Å—Ç–≤–µ–Ω–Ω—ã—Ö –ø—Ä–æ–¥—É–∫—Ç–æ–≤. –û—Å–æ–±–µ–Ω–Ω–æ —Ä–∞–¥—É–µ—Ç —Ä–∞–∑–Ω–æ–æ–±—Ä–∞–∑–∏–µ –æ–≤–æ—â–µ–π.",5,2025-03-09,2026-01-21 21:50:00
Carefood,yandex,"–û—Ç–ª–∏—á–Ω—ã–π —Å—É–ø–µ—Ä–º–∞—Ä–∫–µ—Ç, –æ–≥—Ä–æ–º–Ω—ã–π –≤—ã–±–æ—Ä —Ç–æ–≤–∞—Ä–æ–≤ –∏ –∞—Å—Å–æ—Ä—Ç–∏–º–µ–Ω—Ç–∞. –ù–µ –ø—Ä–æ—Å—Ä–æ—á–µ–Ω–Ω—ã–µ –ø—Ä–æ–¥—É–∫—Ç—ã. –¶–µ–Ω—ã –±–æ–ª–µ–µ –º–µ–Ω–µ–µ –∞–¥–µ–∫–≤–∞—Ç–Ω—ã–µ. –ù–∞—Ö–æ–¥–∏—Ç—Å—è –≤ –¥–æ—Å—Ç—É–ø–Ω–æ–º —Ä–∞–π–æ–Ω–µ. –ü–∞—Ä–∫–æ–≤–∫–∞ –≤—Å–µ–≥–¥–∞ –µ—Å—Ç—å.",5,2025-12-16,2026-01-21 21:50:00
Carefood,yandex,"–•–æ—Ä–æ—à–∏–π —Å—É–ø–µ—Ä–º–∞—Ä–∫–µ—Ç. –ë–æ–ª—å—à–æ–π –≤—ã–±–æ—Ä –ø—Ä–æ–¥—É–∫—Ç–æ–≤. –ß–∞—Å—Ç–æ –∑–∞–∫–∞–∑—ã–≤–∞—é –¥–æ—Å—Ç–∞–≤–∫—É –∏–∑ –¥–∞–Ω–Ω–æ–≥–æ —Å—É–ø–µ—Ä–º–∞—Ä–∫–µ—Ç–∞, –≤—Å–µ –ø—Ä–æ–¥—É–∫—Ç—ã —Å–≤–µ–∂–∏–µ, –¥–æ—Å—Ç–∞–≤–ª—è—é—Ç –±—ã—Å—Ç—Ä–æ. –ú–Ω–µ –æ—á–µ–Ω—å –Ω—Ä–∞–≤–∏—Ç—Å—è –¥–∞–Ω–Ω—ã–π —Å—É–ø–µ—Ä–º–∞—Ä–∫–µ—Ç.",5,2025-10-05,2026-01-21 21:50:00
Carefood,yandex,"–û—á–µ–Ω—å –∫–ª–∞—Å—Å–Ω—ã–π –º–∞–≥–∞–∑–∏–Ω! –ê—Å—Å–æ—Ä—Ç–∏–º–µ–Ω—Ç —Ç–æ–≤–∞—Ä–∞ –æ—á–µ–Ω—å —Ä–∞–∑–Ω–æ–æ–±—Ä–∞–∑–Ω—ã–π. –ï—Å—Ç—å –ø—Ä–∞–∫—Ç–∏—á–µ—Å–∫–∏ –≤—Å–µ, —Ç–æ–ª—å–∫–æ –∫–æ—à–µ–ª–µ–∫ –ø–æ—Ç–æ–ª—â–µ. –í—Å–µ –∞–∫–∫—É—Ä–∞—Ç–Ω–æ. –ù—Ä–∞–≤–∏—Ç—Å—è –≤—ã–ø–µ—á–∫–∞, –Ω–æ –Ω–µ –≤ —Å–∞–º–æ–º –∫–∞—Ä–∏—Ñ—É–¥–µ, –∞ –∫–æ–≥–¥–∞ –≤—ã—Ö–æ–¥–∏—à—å —Å –º–∞–≥–∞–∑–∏–Ω–∞.",5,2025-12-06,2026-01-21 21:50:00
Carefood,yandex,"–°–∞–º—ã–π –Ω–∞ –º–æ–π –≤–∑–≥–ª—è–¥ —à–∏–∫–∞—Ä–Ω—ã–π –≥–∏–ø–µ—Ä–º–∞—Ä–∫–µ—Ç, –µ—Å—Ç—å –≤—Å–µ, —á—Ç–æ –∏—â–∏—Ç–µ, –≤—ã –≤ –ø–æ–∏—Å–∫–∞—Ö –Ω–µ–æ–±—ã–∫–Ω–æ–≤–µ–Ω–Ω—ã—Ö –≤–∫—É—Å–æ–≤ –∏ —á–µ–≥–æ —Ç–æ –Ω–æ–≤–µ–Ω—å–∫–æ–≥–æ —Ç–æ —Ç–æ–≥–¥–∞ –≤–∞–º —Å—é–¥–∞!!!! –ü–æ–ª–æ—á–∫–∏, —Ä—è–¥—ã —Å –ø—Ä–æ–¥—É–∫—Ç–∞–º–∏ –≤—Å–µ —Ä–∞—Å—Å—Ç–∞–≤–ª–µ–Ω–æ —Å —É–º–æ–º –∏ —Å–æ –≤—Å–µ–º–∏ —É–¥–æ–±—Å—Ç–≤–∞–º–∏ —á—Ç–æ –ø–æ—Ä–æ–π –∑–∞—Ö–æ–∂—É –ø—Ä–æ—Å—Ç–æ –æ—Ç–¥–æ—Ö–Ω—É—Ç—å",5,2025-08-12,2026-01-21 21:50:00
Carefood,yandex,"–õ—é–±–ª—é –¢–†–¶ –ì–†–ê–ù–î –ü–ê–†–ö. –ì–æ—Ä–æ–¥ –≤ –≥–æ—Ä–æ–¥–µ! –†–∞–±–æ—Ç–∞–µ—Ç –¥–æ 22.00, –µ—Å—Ç—å –º–Ω–æ–≥–æ –ø–∞—Ä–∫–æ–≤–∫–∏-200—Ç–≥, –≤–Ω—É—Ç—Ä–∏ —Ç–∞–∫—Å–∏-500—Ç–≥ –∑–∞ —Å–µ–º—å—é. 6 –±—É—Ç–∏–∫- —ç—Ç–æ –æ–≥—Ä–æ–º–Ω—ã–π —Å—É–ø–µ—Ä –º–∞—Ä–∫–µ—Ç, –æ–≥—Ä–æ–º–Ω—ã–π –∞—Å—Å–æ—Ä—Ç–∏–º–µ–Ω—Ç!",5,2024-08-27,2026-01-21 21:50:00
Carefood,yandex,"–°—É–ø–µ—Ä–º–∞—Ä–∫–µ—Ç! –ï—Å—Ç—å –≤—Å—ë —á—Ç–æ —É–≥–æ–¥–Ω–æ. –ê—Å—Å–æ—Ä—Ç–∏–º–µ–Ω—Ç –æ–≥—Ä–æ–º–Ω—ã–π –∏ —Ü–µ–Ω—ã –≤–ø–æ–ª–Ω–µ —É—Å—Ç—Ä–∞–∏–≤–∞—é—Ç. –†–µ–∫–æ–º–µ–Ω–¥—É—é. –ö–æ–≥–¥–∞ –±—ã–≤–∞—é –≤ –ì—Ä–∞–Ω–¥-–ø–∞—Ä–∫–µ, –æ–±—è–∑–∞—Ç–µ–ª—å–Ω–æ –∑–∞–∫—É–ø–∞—é—Å—å –∏ –≤ Carefood.",5,2025-12-15,2026-01-21 21:50:00
Carefood,yandex,"–ï–¥–∏–Ω—Å—Ç–≤–µ–Ω–Ω—ã–π —Ñ–∏–ª–∏–∞–ª –≥–∏–ø–µ—Ä–º–∞—Ä–∫–µ—Ç–∞ Carefood –≤ –ê–ª–º–∞—Ç—ã. –ú–∞–≥–∞–∑–∏–Ω —Å —Ö–æ—Ä–æ—à–∏–º –≤—ã–±–æ—Ä–æ–º —Ç–æ–≤–∞—Ä–æ–≤, –≤—Å–µ–≥–¥–∞ –º–æ–∂–Ω–æ –Ω–∞–π—Ç–∏ —Ç–æ —á–µ–≥–æ –Ω–µ—Ç—É –≤ –º–∞–≥–Ω—É–º–µ –∏–ª–∏ —Å–º–æ–ª–µ. –ù–∞–ø—Ä–∏–º–µ—Ä –ò—Ä–∞–Ω—Å–∫—É—é –ø—Ä–æ–¥—É–∫—Ü–∏—é (–∏–º–µ–Ω–Ω–æ —à–æ–∫–æ–ª–∞–¥) –Ω–µ–æ–∂–∏–¥–∞–Ω–Ω–æ –∏–Ω—Ç–µ—Ä–µ—Å–Ω—ã–π –Ω–∞ –≤–∫—É—Å. –ö –ø–µ—Ä—Å–æ–Ω–∞–ª—É –≤–æ–ø—Ä–æ—Å–æ–≤ –Ω–µ—Ç—É.",5,2023-04-21,2026-01-21 21:50:00
Carefood,yandex,"–í—Å–µ –º–æ–∂–Ω–æ –∫—É–ø–∏—Ç—å –≤ –æ–¥–Ω–æ–º –º–µ—Å—Ç–µ –∏ –ø—Ä–æ–¥—É–∫—Ç—ã, –∏ –¥–ª—è –¥–æ–º –∂–∏–≤–æ—Ç–Ω—ã—Ö, –∏ –∫–æ—Å–º–µ—Ç–∏–∫—É, –∏ –¥–ª—è –¥–µ—Ç–µ–π —Ç–æ–≤–∞—Ä—ã. –í–Ω—É—Ç—Ä–∏ –ø—Ä–∏—è—Ç–Ω–æ –Ω–∞—Ö–æ–¥–∏—Ç—Å—è, –Ω–µ –∫–∞–∫ –Ω–∞ —Å–∫–ª–∞–¥–µ —Å –æ–≥—Ä–æ–º–Ω—ã–º–∏ —Å—Ç–µ–ª–ª–∞–∂–∞–º–∏",5,2025-10-18,2026-01-21 21:50:00
Carefood,yandex,"–ü–µ—Ä–≤—ã–π —Ä–∞–∑ –∑–∞—à–ª–∞ –≤ —Å—É–ø–µ—Ä–º–∞—Ä–∫–µ—Ç. –ù–µ–∑–Ω–∞—é, –ø–æ—á–µ–º—É —Ä–∞–Ω—å—à–µ –Ω–µ –∑–∞—Ö–æ–¥–∏–ª–∞. –ò–º –±—ã –Ω–∞–ª–∞–¥–∏—Ç—å –¥–æ—Å—Ç–∞–≤–∫—É –∫–∞–∫ –ú–∞–≥–Ω—É–º, —è –±—ã —Ç–æ–ª—å–∫–æ —Ç–∞–º –∏ –∑–∞–∫–∞–∑—ã–≤–∞–ª–∞. –í—ã–∫–ª–∞–¥–∫–∞, –≤—Å—ë –ø–æ –ø–æ–ª–æ—á–∫–∞–º, –∞–∫–∫—É—Ä–∞—Ç–Ω–µ–Ω—å–∫–æ, —Å—Ç–æ–ª—å–∫–æ –∞—Å—Å–æ—Ä—Ç–∏–º–µ–Ω—Ç–∞, –æ—Å–æ–±–µ–Ω–Ω–æ –±—ã—Ç–æ–≤–∞—è —Ö–∏–º–∏—è, —É—Ö–æ–¥–æ–≤–∞—è –∫–æ—Å–º–µ—Ç–∏–∫–∞, —Å—Ç–æ–ª—å–∫–æ —Ä–∞–∑–Ω–æ–æ–±—Ä–∞–∑–∏—è. –û–¥–Ω–æ–∑–Ω–∞—á–Ω–æ —Ä–µ–∫–æ–º–µ–Ω–¥—É—é.",5,2025-01-12,2026-01-21 21:50:00
Carefood,yandex,"–ï—Å–ª–∏ –≤—ã –Ω–µ –Ω–∞—à–ª–∏ –∫–∞–∫–æ–≥–æ-—Ç–æ –ø—Ä–æ–¥—É–∫—Ç–∞ –∏–ª–∏ —Ç–æ–≤–∞—Ä–∞ –≤ —Å—É–ø–µ—Ä–º–∞—Ä–∫–µ—Ç–µ –Ω–µ–¥–∞–ª–µ–∫–æ –æ—Ç –≤–∞—à–µ–≥–æ –¥–æ–º–∞, —Ç–æ Carefood - —ç—Ç–æ —É–Ω–∏–∫–∞–ª—å–Ω—ã–π –≥–∏–ø–µ—Ä–º–∞—Ä–∫–µ—Ç, –≤ –∫–æ—Ç–æ—Ä–æ–º –Ω–∞–π–¥–µ—Ç—Å—è –ø—Ä–∞–∫—Ç–∏—á–µ—Å–∫–∏ –≤—Å—ë!",5,2025-09-23,2026-01-21 21:50:00
Carefood,yandex,"–í—Å—ë —á—Ç–æ –±—Ä–∞–ª–∏, –≤—Å–µ–≥–¥–∞ —Å–≤–µ–∂–µ–µ –∏ –≤–∫—É—Å–Ω–æ–µ. –ë–æ–ª—å—à–æ–π –∞—Å—Å–æ—Ä—Ç–∏–º–µ–Ω—Ç —Ç–æ–≤–∞—Ä–∞, –º–Ω–æ–≥–æ –∞–∫—Ü–∏–π",5,2025-10-26,2026-01-21 21:50:00
Carefood,yandex,"–•–æ—Ä–æ—à–∏–π –ø—Ä–æ–¥—É–∫—Ç–æ–≤—ã–π –≥–∏–ø–µ—Ä–º–∞—Ä–∫–µ—Ç, –º–Ω–æ–≥ —á–µ–≥–æ –µ—Å—Ç—å. –ù–æ –æ–≥—Ä–æ–º–Ω–æ–µ –Ω–æ - –Ω–µ—Ç—É –ø–∏–≤–∞ —Ö–æ–ª–¥–Ω–æ–≥–æ –≤–æ–æ–±—â–µ. –í—ã–±–æ—Ä –≤—Å–µ–≥–æ –æ—Å—Ç–∞–ª—å–Ω–æ–≥–æ –ø—Ä—è–º —à–∏–∫–∞—Ä–µ–Ω. –°–º–æ—Ç—Ä–∏—Ç–µ —Å—Ä–æ–∫ –≥–æ–¥–Ω–æ—Å—Ç–∏ –Ω–∞ –ø—Ä–æ–¥—É–∫—Ç–∞—Ö",4,2025-03-08,2026-01-21 21:50:00
Carefood,yandex,"–û–≥—Ä–æ–º–Ω—ã–π —Å—É–ø–µ—Ä–º–∞—Ä–∫–µ—Ç —Å —Ö–æ—Ä–æ—à–∏–º –∞—Å—Å–æ—Ä—Ç–∏–º–µ–Ω—Ç–æ–º. –í–Ω—É—Ç—Ä–∏ —á–∏—Å—Ç–æ –∏ –ø—Ä–æ—Å—Ç–æ—Ä–Ω–æ. –°–æ—Ç—Ä—É–¥–Ω–∏–∫–∏ –≤–µ–∂–ª–∏–≤—ã–µ. –í—ã–±–æ—Ä –Ω–∞ —Ç–æ–≤–∞—Ä—ã –±–µ—Å–∫–æ–Ω–µ—á–Ω—ã–π –µ—Å—Ç—å –≤—Å—ë –Ω–µ–æ–±—Ö–æ–¥–∏–º–æ–µ –¥–ª—è –¥–æ–º–∞. –¶–µ–Ω—ã —á—É—Ç—å –≤—ã—Å–æ–∫–æ–≤–∞—Ç—ã, –Ω–æ –∑–∞—Ç–æ –µ—Å—Ç—å —Ä–µ–¥–∫–∞—è –ø—Ä–æ–¥—É–∫—Ü–∏—è —Ç–∏–ø–∞ —ç–∫–∑–æ—Ç–∏—á–µ—Å–∫–∏—Ö —Ñ—Ä—É–∫—Ç–æ–≤, —Ç–æ—Ñ—É –∏ –≤–µ–≥–∞–Ω—Å–∫–æ–π –∫—É—Ö–Ω–∏.",5,2023-10-18,2026-01-21 21:50:00
Carefood,yandex,–û–≥—Ä–æ–º–Ω—ã–π –≤—ã–±–æ—Ä —Ç–æ–≤–∞—Ä–æ–≤. –û—Ç–ª–∏—á–Ω–æ–µ –∫–∞—á–µ—Å—Ç–≤–æ —Ç–æ–≤–∞—Ä–æ–≤. –ü—Ä–∏–≤–µ—Ç–ª–∏–≤—ã–π –ø–µ—Ä—Å–æ–Ω–∞–ª. –Ø–≤–ª—è—é—Å—å –ø–æ—Å—Ç–æ—è–Ω–Ω—ã–º –ø–æ–∫—É–ø–∞—Ç–µ–ª–µ–º. –ñ–µ–ª–∞—é –ø—Ä–æ—Ü–≤–µ—Ç–∞–Ω–∏—è –∏ –º–Ω–æ–≥–æ –∫–ª–∏–µ–Ω—Ç–æ–≤.,5,2024-11-21,2026-01-21 21:50:00
Carefood,yandex,"–¶–µ–Ω—ã –≤—ã—à–µ —á–µ–º –≤ –¥—Ä—É–≥–∏—Ö —Å—É–ø–µ—Ä–º–∞—Ä–∫–µ—Ç–∞—Ö. –ó–∞—Ç–æ –æ–≥—Ä–æ–º–Ω–µ–π—à–∏–π –≤—ã–±–æ—Ä –≤—Å–µ–≥–æ. –ï—Å–ª–∏ –Ω—É–∂–Ω–æ –∫—É–ø–∏—Ç—å —à–æ–∫–æ–ª–∞–¥–æ–∫, –∏—Ö –∑–¥–µ—Å—å –æ–≥—Ä–æ–º–Ω—ã–π –≤—ã–±–æ—Ä. –ë—ã—Ç–æ–≤–æ–π —Ö–∏–º–∏–∏ —Ç–æ–∂–µ –∑–¥–µ—Å—å –≤–µ–ª–∏–∫–æ–µ –º–Ω–æ–∂–µ—Å—Ç–≤–æ. –û–¥–Ω–æ —É–¥–æ–≤–æ–ª—å—Å—Ç–≤–∏–µ –∑–∞–∫—É–ø–∞—Ç—å—Å—è. –ï–¥–∏–Ω—Å—Ç–≤–µ–Ω–Ω—ã–π –º–∏–Ω—É—Å –Ω–µ–ª—å–∑—è –≤—Ö–æ–¥–∏—Ç—å —Å–æ —Å—Ç–æ—Ä–æ–Ω—ã –∫–∞—Å—Å—ã.",4,2024-03-07,2026-01-21 21:50:00
Carefood,yandex,–û—Ç–ª–∏—á–Ω—ã–π –≥–∏–ø–µ—Ä–º–∞—Ä–∫–µ—Ç! –û—á–µ–Ω—å –±–æ–ª—å—à–æ–π –≤—ã–±–æ—Ä —Ç–æ–≤–∞—Ä–æ–≤ —Ä–∞–∑–Ω–æ–≥–æ –Ω–∞–∑–Ω–∞—á–µ–Ω–∏—è. –¶–µ–Ω—ã —Å—Ä–µ–¥–Ω–∏–µ. –•–æ—Ä–æ—à–µ–µ —Ä–∞—Å–ø–æ–ª–æ–∂–µ–Ω–∏–µ! –ë–æ–ª—å—à–∞—è –ø–∞—Ä–∫–æ–≤–∫–∞.,5,2025-06-08,2026-01-21 21:50:00
Carefood,yandex,"–û—á–µ–Ω—å –±–æ–ª—å—à–æ–π –∞—Å—Å–æ—Ä—Ç–∏–º–µ–Ω—Ç –∏ –≤—ã–±–æ—Ä –ø—Ä–æ–¥—É–∫—Ç–æ–≤! –ß–∏—Å—Ç–æ, –ø—Ä–æ—Å—Ç–æ—Ä–Ω–æ, –∫—Ä–∞—Å–∏–≤–æ! –£—Ä–æ–≤–µ–Ω—å –±–æ–ª—å—à–∏—Ö —Å—Ç–æ–ª–∏—á–Ω—ã—Ö —Å—É–ø–µ—Ä–º–∞—Ä–∫–µ—Ç–æ–≤.",5,2024-05-13,2026-01-21 21:50:00
Carefood,yandex,"–ü–ª—é—Å–æ–≤ –º–Ω–æ–≥–æ: –º–æ–∂–Ω–æ –∫—É–ø–∏—Ç—å –ø—Ä–æ–¥—É–∫—Ç—ã, –ø–æ–ø–∏—Ç—å –≥–æ—Ä—è—á–∏–π —á–∞–π —Å —á–µ—Å–Ω–æ—á–Ω—ã–º —Ö–ª–µ–±–æ–º, –ø–æ–∫—É—à–∞—Ç—å –∫–æ—Ç–ª–µ—Ç—ã –∫—É—Ä–∏–Ω—ã–µ –∏ –≤—Å–µ –ø–æ–¥ –ø—Ä–∏—è—Ç–Ω—É—é –º—É–∑—ã–∫—É, –¥–∞ –µ—â–µ –∫–æ–º–ø–æ—Ç. –ü–æ—Ç–æ–º –∑–∞–∫–∞–∑–∞—Ç—å –Ø–Ω–¥–µ–∫—Å —Ç–∞–∫—Å–∏ –∏ —É–µ—Ö–∞—Ç—å –¥–æ–º–æ–π. –ú–æ–∂–Ω–æ –ø–æ –¥–æ—Ä–æ–≥–µ –ø—Ä–∏–∫—É–ø–∏—Ç—å –∑–æ–ª–æ—Ç–∏—à–∫–æ.",5,2026-01-04,2026-01-21 21:50:00
Carefood,yandex,"–•–æ—Ä–æ—à–∏–π –≤—ã–±–æ—Ä –ø—Ä–æ–¥—É–∫—Ç–æ–≤. –ü—Ä–æ–¥–∞—ë—Ç—Å—è –Ω–∞—á–∏–Ω–∞—è –æ—Ç –ø—Ä–æ–¥—É–∫—Ç–æ–≤ –ø–∏—Ç–∞–Ω–∏—è, –±—ã—Ç–æ–≤—ã—Ö –≤–µ—â–µ–π, –∫–∞–Ω—Ü—Ç–æ–≤–∞—Ä–∞–º–∏ –∏ –∑–∞–∫–∞–Ω—á–∏–≤–∞—è –¥–æ–º–∞—à–Ω–∏–º–∏ —Ä–∞—Å—Ç–µ–Ω–∏—è–º–∏. –ü—Ä–æ–¥—É–∫—Ç—ã –≤—Å–µ —Å–≤–µ–∂–∏–µ. –ö–∞—Å—Å–∏—Ä—ã –≤–µ–∂–ª–∏–≤—ã–µ.",5,2024-04-10,2026-01-21 21:50:00
Carefood,yandex,"–ë–æ–ª—å—à–æ–π –º–∞–≥–∞–∑–∏–Ω, –∏ –æ—á–µ–Ω—å –±–æ–ª—å—à–æ–π –∞—Å—Å–æ—Ä—Ç–∏–º–µ–Ω—Ç —Ç–æ–≤–∞—Ä–æ–≤. –û—á–µ–Ω—å –Ω—Ä–∞–≤–∏—Ç—Å—è –±—ã–≤–∞—Ç—å —Ç–∞–º. –ï–¥–∏–Ω—Å—Ç–≤–µ–Ω–Ω–æ–µ —á—Ç–æ –Ω–µ–º–Ω–æ–≥–æ –æ—Ç—Ç–∞–ª–∫–∏–≤–∞–µ—Ç —ç—Ç–æ —Ü–µ–Ω—ã, –Ω–∞ –Ω–µ–∫–æ—Ç–æ—Ä—ã–µ —Ç–æ–≤–∞—Ä—ã, –Ω–µ–º–Ω–æ–≥–æ –∑–∞–≤—ã—à–µ–Ω—ã.",4,2025-07-13,2026-01-21 21:50:00
Carefood,yandex,"–ü–æ—Å–ª–µ–¥–Ω—è—è –ø–æ–µ–∑–¥–∫–∞ —Ä–∞–∑–æ—á–∞—Ä–æ–≤–∞–ª–∞. –ü–ª–æ—â–∞–¥–∏ –±–æ–ª—å—à–∏–µ, –≤—ã–±–æ—Ä –≤ –∫–∞–∂–¥–æ–º –±—É—Ç–∏–∫–µ –∫–∞–∫ –ø–æ–¥ –∫–æ–ø–∏—Ä–∫—É. –ö–∞—á–µ—Å—Ç–≤–æ –æ—á–µ–Ω—å —Å–ª–∞–±–æ–µ, –∞ —Ü–µ–Ω—ã –∑–∞–æ–±–ª–æ—á–Ω—ã–µ.",1,2025-04-30,2026-01-21 21:50:00
Carefood,yandex,"–¢–æ–ø–æ–≤—ã–π –≥–∏–ø–µ—Ä–º–∞—Ä–∫–µ—Ç –ª—É—á—à–µ –º–∞–≥–Ω—É–º–æ–≤ –≤—Å—è–∫–∏—Ö. –í—ã–±–æ—Ä –æ–≥—Ä–æ–º–Ω—ã–π, —Ü–µ–Ω—ã –Ω–µ–≤—ã—Å–æ–∫–∏–µ. –ú–æ–ª–æ–¥—Ü—ã. –ö–∞–∫–∏—è –∫—É–ª–∏–Ω–∞—Ä–∏—è –∏ –ø–µ–∫–∞—Ä–Ω—è! –°—Ç—Ä–∞–Ω–Ω–æ, —á—Ç–æ –Ω–µ –¥–∞—é—Ç —Ä–µ–∫–ª–∞–º—É - –Ω–∞—Ç–∫–Ω—É–ª—Å—è –Ω–∞ –Ω–µ–≥–æ, –º–æ–∂–Ω–æ —Å–∫–∞–∑–∞—Ç—å, —Å–ª—É—á–∞–π–Ω–æ.",5,2025-06-04,2026-01-21 21:50:00
Carefood,yandex,"–ö–ª–∞—Å—Å–Ω–æ! –ï—Å–ª–∏ –∫–æ—Ñ–µ –Ø–∫–æ–±—Å –≤–µ–∑–¥–µ —Å—Ç–æ–∏—Ç 120, –∫–æ–µ –≥–¥–µ –¥–∞–∂–µ 150, –∞ —Ç—É—Ç –∑–∞ 89 —Ç–µ–Ω–≥–µ! –ü–ª—é—Å –µ—Å—Ç—å –æ—Ç–¥–µ–ª—å–Ω—ã–π –ø–µ—Ä—Å–æ–Ω–∞–ª –∫–æ—Ç–æ—Ä—ã–π —Ç–æ—á–Ω–æ –∑–Ω–∞–µ—Ç –≥–¥–µ, –∫–∞–∫–æ–π —Ç–æ–≤–∞—Ä –ª–µ–∂–∏—Ç.",5,2025-06-28,2026-01-21 21:50:00
Carefood,yandex,"–†–∞–±–æ—Ç–∞—é –Ω–µ–ø–æ–¥–∞–ª–µ–∫—É. –ó–∞–º–µ—á–∞—Ç–µ–ª—å–Ω—ã–π –º–∞–≥–∞–∑–∏–Ω. –û–≥—Ä–æ–º–Ω—ã–π –∞—Å—Å–æ—Ä—Ç–∏–º–µ–Ω—Ç, –µ—Å—Ç—å –∏ —Ç–æ–≤–∞—Ä—ã –¥–ª—è –¥–æ–º–∞—à–Ω–∏—Ö –∂–∏–≤–æ—Ç–Ω—ã—Ö, —á—Ç–æ –ø—Ä–∏—è—Ç–Ω–æ —É–¥–∏–≤–∏–ª–æ. –í—Å–µ–≥–¥–∞ –º–Ω–æ–≥–æ –∞–∫—Ü–∏–π –∏ –æ—Å—Ç—Ä–æ–≤–∫–∏ —Å –≥–æ—Ç–æ–≤–æ–π –µ–¥–æ–π –ø—Ä–µ–∫—Ä–∞—Å–Ω—ã)",5,2024-03-25,2026-01-21 21:50:00
Carefood,yandex,"–ó–∞–º–µ—á–∞—Ç–µ–ª—å–Ω—ã–π –º–∞–≥–∞–∑–∏–Ω. –ú–Ω–æ–≥–æ –µ–¥—ã –¥–ª—è –≤–µ–≥–∞–Ω–æ–≤ –∏ –≤–µ–≥–µ—Ç–µ—Ä–∏–∞–Ω—Ü–µ–≤! –ë–æ–ª—å—à–æ–π –≤—ã–±–æ—Ä —Ä–∞–∑–Ω–æ–≥–æ —á–∞—è, –µ—Å—Ç—å –¥–∞–∂–µ –≥—Ä–µ—á–∏—à–Ω—ã–π. –ú–æ–∂–Ω–æ –∫—É–ø–∏—Ç—å –ø–æ—Å—É–¥—É –∏ –≤—Å—ë –¥–ª—è –¥–æ–º–∞.",5,2024-02-22,2026-01-21 21:50:00
Carefood,yandex,"–ó–¥–µ—Å—å –µ—Å—Ç—å –≤—Å—ë —á—Ç–æ –Ω—É–∂–Ω–æ –Ω–∞—á–∏–Ω–∞—è —Å –ø—Ä–æ–¥—É–∫—Ç–æ–≤ –∑–∞–∫–∞–Ω–∏–≤–∞—è –ø–∞—Ä—Ñ—é–º–æ–º –ø–∞—Ä–∫–æ–≤–∫–∞ –æ–≥—Ä–æ–º–Ω–∞—è, –º–æ–∂–Ω–æ –ø–µ—Ä–µ–∫—É—Å–∏—Ç—å, –µ—Å—Ç—å –º–Ω–æ–≥–æ –∏–≥—Ä–≤—ã—Ö –ø–ª–æ—â–∞–¥–æ–∫, –ø—Ä–∞–≤–¥–∞ –¥–æ—Ä–æ–≥–æ–≤–∞—Ç–æ",4,2025-03-07,2026-01-21 21:50:00
Carefood,yandex,"–û—Ç–ª–∏—á–Ω—ã–π –º–∞–≥–∞–∑–∏–Ω —Å —Ç–æ–≤–∞—Ä–∞–º–∏ –¥–ª—è –≤—Å–µ—Ö –ø–æ—Ç—Ä–µ–±–∏—Ç–µ–ª–µ–π! –¢–∞–∫ –∂–µ –µ—Å—Ç—å —Ç–æ–≤–∞—Ä—ã –¥–ª—è –≥—É—Ä–º–∞–Ω–æ–≤, –æ–≥—Ä–æ–º–Ω–æ–µ —Ä–∞–∑–Ω–æ–æ–±—Ä–∞–∑–∏–µ –¥–µ—Ç—Å–∫–æ–≥–æ –ø–∏—Ç–∞–Ω–∏—è. –î–ª—è –ª—é–¥–µ–π —Å –¥–∏–∞–±–µ—Ç–æ–º, –±–æ–ª—å—à–æ–π –∞—Å—Å–æ—Ä—Ç–∏–º–µ–Ω—Ç –¥–ª—è –¥—Ä—É–∑–µ–π –Ω–∞—à–∏—Ö –º–µ–Ω—å—à–∏—Ö.",5,2024-04-16,2026-01-21 21:50:00
Carefood,yandex,"–•–æ—Ä–æ—à–∏–π –≤—ã–±–æ—Ä –ø—Ä–æ–¥—É–∫—Ç–æ–≤, —Ç–æ–≤–∞—Ä–æ–≤ –¥–ª—è –¥–æ–º–∞, –±—ã—Ç–æ–≤–æ–π —Ö–∏–º–∏–∏, –∫–æ—Å–º–µ—Ç–∏–∫–∏. –¶–µ–Ω—ã –¥–æ–≤–æ–ª—å–Ω–æ –≤—ã—Å–æ–∫–∏–µ –Ω–∞ –∞–Ω–∞–ª–æ–≥–∏—á–Ω—ã–µ —Ç–æ–≤–∞—Ä—ã. –ù–æ –ø–æ—Å—Ç–æ—è–Ω–Ω–æ –µ—Å—Ç—å –∞–∫—Ü–∏–∏ –∏ —Å–∫–∏–¥–∫–∏ –Ω–∞ –æ–ø—Ä–µ–¥–µ–ª—ë–Ω–Ω—ã–µ —Ç–æ–≤–∞—Ä—ã.",4,2023-11-19,2026-01-21 21:50:00
Carefood,yandex,"–•–æ—Ä–æ—à–∏–π —Å—É–ø–µ—Ä–º–∞—Ä–∫–µ—Ç, –º–æ–∂–Ω–æ –Ω–∞–π—Ç–∏ –ø—Ä–æ–¥—É–∫—Ç—ã –∫–æ—Ç–æ—Ä—ã—Ö –Ω–µ—Ç –≤ –¥—Ä—É–≥–∏—Ö —Å—É–ø–µ—Ä–º–∞—Ä–∫–µ—Ç–∞—Ö, —É–¥–æ–±–Ω–æ –¥–ª—è –∂–∏—Ç–µ–ª–µ–π –±–ª–∏–∑–ª–µ–∂–∞—â–∏—Ö –¥–æ–º–æ–≤. –ï—Å—Ç—å —Å–æ–±—Å—Ç–≤–µ–Ω–Ω–∞—è –∫—É–ª–∏–Ω–∞—Ä–∏—è –∏ –ø–µ–∫–∞—Ä–Ω—è.",5,2024-05-11,2026-01-21 21:50:00
Carefood,yandex,"–ù—É —Å–∞–º–æ–µ –≥–ª–∞–≤–Ω–æ–µ —á—Ç–æ –º–æ–∂–Ω–æ —Å–∫–∞–∑–∞—Ç—å —ç—Ç–æ –∫–æ–Ω–µ—á–Ω–æ —Ä–∞–∑–Ω–æ–æ–±—Ä–∞–∑–∏–µ, –æ—á–µ–Ω—å –æ—á–µ–Ω—å —Ö–æ—Ä–æ—à–∏–π –≤—ã–±–æ—Ä, –µ—Å—Ç—å –∫–∞–∂–µ—Ç—Å—è –≤—Å–µ))) –£–¥–æ–±–Ω–æ–µ —Ä–∞—Å–ø–æ–ª–æ–∂–µ–Ω–∏–µ –ø—Ä–æ–¥—É–∫—Ç–æ–≤, –≤—Å–µ –≤ –ø–æ–ª–µ –∑—Ä–µ–Ω–∏—è, –Ω–µ —Å–ª–æ–∂–Ω–æ –Ω–∞–π—Ç–∏ —Ç–æ, —á—Ç–æ –ø–æ–Ω–∞–¥–æ–±–∏–ª–æ—Å—å.",5,2022-11-18,2026-01-21 21:50:00
Carefood,yandex,–õ—é–±–ª—é –≥—É–ª—è—Ç—å –∑–¥–µ—Å—å –∏ –≤—ã–±–∏—Ä–∞—Ç—å –ø—Ä–æ–¥—É–∫—Ç—ã. –û–≥—Ä–æ–º–Ω—ã–π –≤—ã–±–æ—Ä —Ç–æ–≤–∞—Ä–æ–≤ —Ä–∞–∑–Ω—ã—Ö —Å–æ—Ä—Ç–æ–≤ –∏ –±—Ä–µ–Ω–¥–æ–≤. –û—Å–æ–±–µ–Ω–Ω–æ –ª—é–±–ª—é –∏—Å–∫–∞—Ç—å –∞–∫—Ü–∏–æ–Ω–Ω—ã–µ —Ç–æ–≤–∞—Ä—ã,5,2025-04-04,2026-01-21 21:50:00
Carefood,yandex,"–£—é—Ç–Ω—ã–π —Ö–æ—Ä–æ—à–∏–π –º–∞—Ä–∫–µ—Ç, —Ä–∞–¥—É–µ—Ç —á—Ç–æ –µ—Å—Ç—å –≤–µ—â–∏ –ø—Ä–∞–≤–∏–ª—å–Ω–æ–≥–æ –ø–∏—Ç–∞–Ω–∏—è, –±–µ—Ä–µ–º –ø–æ—Å—Ç–æ—è–Ω–Ω–æ, –æ—Ç–≤–µ—á–∞—é)",5,2025-10-28,2026-01-21 21:50:00
Carefood,yandex,"–ê—Å—Å–æ—Ä—Ç–∏–º–µ–Ω—Ç –±–æ–ª—å—à–æ–π, –∞ —Ç–æ—á–Ω–µ–µ –æ–≥—Ä–æ–º–Ω—ã–π. –ú–Ω–æ–≥–æ —É–Ω–∏–∫–∞–ª—å–Ω—ã—Ö —Ç–æ–≤–∞—Ä–æ–≤. –¶–µ–Ω—ã –æ—á–µ–Ω—å –≤—ã—Å–æ–∫–∏–µ.",4,2025-08-26,2026-01-21 21:50:00
Carefood,yandex,"–±–æ–ª—å—à–æ–π –æ—á–µ–Ω—å —Å—É–ø–µ—Ä–º–∞—Ä–∫–µ—Ç —Å –æ–≥—Ä–æ–º–Ω—ã–π –∞—Å—Å–æ—Ä—Ç–∏–º–µ–Ω—Ç–æ–º. –ß–∏—Å—Ç–æ, –ø—Ä–æ—Ö–ª–∞–¥–Ω–æ –ª–µ—Ç–æ–º, —Ç–æ–≤–∞—Ä –≤—ã—Å—Ç–∞–≤–ª–µ–Ω –∞–∫–∫—É—Ä–∞—Ç–Ω–æ, –≤–µ–∂–ª–∏–≤—ã–µ —Å–æ—Ç—Ä—É–¥–Ω–∏–∫–∏.",5,2024-06-03,2026-01-21 21:50:00
Carefood,yandex,–ú–Ω–µ –æ–¥–Ω–æ–∑–Ω–∞—á–Ω–æ –Ω—Ä–∞–≤–∏—Ç—Å—è —ç—Ç–æ—Ç —Å—É–ø–µ—Ä–º–∞—Ä–∫–µ—Ç! –û—Ç–ª–∏—á–Ω—ã–π –≤—ã–±–æ—Ä –ø—Ä–∞–∫—Ç–∏—á–µ—Å–∫–∏ –ø–æ –≤—Å–µ–º –ø–æ–∑–∏—Ü–∏—è–º –∏ –Ω–∞ –ª—é–±–æ–π –∫–æ—à–µ–ª–µ–∫. –ï—Å—Ç—å –æ–ø—Ä–µ–¥–µ–ª–µ–Ω–Ω—ã–µ –º–æ–º–µ–Ω—Ç—ã –∑–∞ –∫–æ—Ç–æ—Ä—ã–µ —Ö–æ—á–µ—Ç—Å—è –∞–ø–ª–æ–¥–∏—Ä–æ–≤–∞—Ç—å.,5,2023-01-04,2026-01-21 21:50:00
Carefood,yandex,"–•–æ—Ä–æ—à–∏–π –≤—ã–±–æ—Ä, —É–¥–æ–±–Ω–æ–µ —Ä–∞—Å–ø–æ–ª–æ–∂–µ–Ω–∏–µ. –ü—Ä–æ—Å—Ç–æ—Ä–Ω—ã–π –∑–∞–ª —Å –∫–æ–ª—è—Å–∫–æ–π –∏ –ø—Ä–æ–¥—É–∫—Ç–æ–≤–æ–π –∫–æ—Ä–∑–∏–Ω–æ–π –æ—á–µ–Ω—å —É–¥–æ–±–Ω–æ —Ö–æ–¥–∏—Ç—å. –•–æ—Ä–æ—à–∏–π –∞—Å—Å–æ—Ä—Ç–∏–º–µ–Ω—Ç. –°–≤–µ—Ç–ª–æ, –∫–æ–º—Ñ–æ—Ä—Ç–Ω–æ. –û—á–µ–Ω—å —Ö–æ—Ä–æ—à–∏–π –≤—ã–±–æ—Ä ¬´—Ö–∏–º–∏–∏¬ª, –¥–µ—Ç—Å–∫–∏—Ö —Ç–æ–≤–∞—Ä–æ–≤.",5,2023-05-12,2026-01-21 21:50:00
Carefood,yandex,–ú–Ω–µ –æ—á–µ–Ω—å –ø–æ–Ω—Ä–∞–≤–∏–ª–∞—Å—å —ç—Ç–æ—Ç –º–∞–≥–∞–∑–∏–Ω –≤–æ –ø–µ—Ä–≤—ã—Ö –∞—Å—Å–æ—Ä—Ç–∏–º–µ–Ω—Ç —Ç–æ–≤–∞—Ä–æ–≤ –æ—á–µ–Ω—å –º–Ω–æ–≥–æ –∏ –ø–µ—Ä—Å–æ–Ω–∞–ª—ã –≤–µ–∂–ª–∏–≤–æ –æ—Ç–≤–µ—á–∞–µ—Ç. –í –º–∞–≥–∞–∑–∏–Ω–µ —á–∏—Å—Ç–æ—Ç–∞. –†–∞—Å–ø–æ–ª–æ–∂–µ–Ω–∞ –≤ –æ—á–µ–Ω—å —Ö–æ—Ä–æ—à–µ–º —Ä–∞–π–æ–Ω–µ.,5,2024-05-21,2026-01-21 21:50:00
Carefood,yandex,"–î–∞–ª–µ–∫–æ–≤–∞—Ç–æ —Ä–∞—Å–ø–æ–ª–æ–∂–µ–Ω, –Ω–æ –∏–Ω–æ–≥–¥–∞ —Ç—É–¥–∞ –ø—Ä–∏–µ–∑–∂–∞—é –∑–∞ –ø—Ä–æ–¥—É–∫—Ç–∞–º–∏ –¥–ª—è –∑–¥–æ—Ä–æ–≤–æ–≥–æ –ø–∏—Ç–∞–Ω–∏—è. –®–∏—Ä–æ–∫–∏–π –≤—ã–±–æ—Ä –±—ã—Ç–æ–≤–æ–π —Ö–∏–º–∏–∏, —Ç–æ–≤–∞—Ä–æ–≤ –¥–ª—è –¥–æ–º–∞ –∏ –ø—Ä–æ–¥—É–∫—Ç–æ–≤. –ù–µ—Å–∫–æ–ª—å–∫–æ –≤—ã—à–µ —Å—Ä–µ–¥–Ω–µ–≥–æ –ø–æ —Ü–µ–Ω–∞–º.",2,2023-02-28,2026-01-21 21:50:00
Carefood,yandex,"–ú–æ–π —Å–∞–º—ã–π –ª—é–±–∏–º—ã–π —Å—É–ø–µ—Ä–º–∞—Ä–∫–µ—Ç, –ø—Ä–æ—Å—Ç–æ –æ–±–æ–∂–∞—é –∫–æ–≥–¥–∞ –µ—Å—Ç—å –≥–¥–µ –ø–æ–≥—É–ª—è—Ç—å –∏ –∏–∑ —á–µ–≥–æ –≤—ã–±—Ä–∞—Ç—å, –æ–≥—Ä–æ–º–Ω–µ–π—à–∏–π –∞—Å—Å–æ—Ä—Ç–∏–º–µ–Ω—Ç —Ç–æ–≤–∞—Ä–æ–≤, –≤—Å–µ –∞–∫–∫—É—Ä–∞—Ç–Ω–æ —á–∏—Å—Ç–æ –∫—Ä–∞—Å–∏–≤–æ. –ö—É–ª–∏–Ω–∞—Ä–∏—è —Ç–∞–º –Ω–∞ –≤—ã—Å—à–µ–º —É—Ä–æ–≤–Ω–µ",5,2023-09-15,2026-01-21 21:50:00
Carefood,yandex,"–ú–Ω–µ –Ω—Ä–∞–≤–∏—Ç—Å—è Carefood —Ç–µ–º, —á—Ç–æ —Ç–∞–º –º–Ω–æ–≥–æ —Ä–∞–∑–Ω—ã—Ö —Ç–æ–≤–∞—Ä–æ–≤ –¥–ª—è –∑–¥–æ—Ä–æ–≤—å—è, –±–æ–ª—å—à–æ–π –≤—ã–±–æ—Ä, –±—ã—Ç–æ–≤–æ–π —Ö–∏–º–∏–∏ –∏ —Ç–∞–∫–∂–µ —Ç–æ–≤–∞—Ä–æ–≤ –¥–ª—è –¥–µ—Ç–µ–π —Ç–æ–∂–µ –±–æ–ª—å—à–æ–µ —Ä–∞–∑–Ω–æ–æ–±—Ä–∞–∑–∏–µ.",5,2024-08-16,2026-01-21 21:50:00
Carefood,yandex,"–í—Ä–æ–¥–µ –∞—Å—Å–æ—Ä—Ç–∏–º–µ–Ω—Ç–∞ –º–Ω–æ–≥–æ, –Ω–æ –µ—Å—Ç—å –Ω–µ—á–µ–≥–æ))), –Ω–∞ –º–æ–π –≤–∑–≥–ª—è–¥ –∑–∞–±–∏—Ç –Ω–µ–Ω—É–∂–Ω—ã–º–∏ —Ç–æ–≤–∞—Ä–∞–º–∏ –±–æ–ª—å—à–µ, —á–µ–º –ø—Ä–æ–¥—É–∫—Ç–∞–º–∏ –î–∞ –∏ —Å –ø–µ—Ä–µ–≤–æ–¥–æ–º –ø—Ä–æ–±–ª–µ–º–∞, –∏–Ω—Ç–µ—Ä–Ω–µ—Ç –ø–æ—á—Ç–∏ –Ω–µ –ª–æ–≤–∏—Ç –ì–æ—Ç–æ–≤–∞—è –ø—Ä–æ–¥—É–∫—Ü–∏—è –≤—Å—è —Å–Ω–∞—Ä—É–∂–∏",2,2023-09-03,2026-01-21 21:50:00
Carefood,yandex,"–û—Ç–ª–∏—á–Ω—ã–π –º–∞—Ä–∫–µ—Ç, –µ—Å—Ç—å –∞–±—Å–æ–ª—é—Ç–Ω–æ –≤—Å–µ —á—Ç–æ –Ω—É–∂–Ω–æ. –ê—Å—Å–æ—Ä—Ç–∏–º–µ–Ω—Ç –±–æ–ª–µ–µ —á–µ–º —É–¥–æ–≤–ª–µ—Ç–≤–æ—Ä–∏—Ç–µ–ª—å–Ω—ã–π, –∫–∞—Å—Å –º–Ω–æ–≥–æ –≤ –æ—á–µ—Ä–µ–¥—è—Ö –Ω–µ —Å—Ç–æ–∏—à—å –±–æ–ª—å—à–µ 10 –º–∏–Ω—É—Ç. –ú–æ–ª–æ–¥—Ü—ã",5,2023-05-14,2026-01-21 21:50:00
Carefood,yandex,"–ú–∞—Ä–∫–µ—Ç - —Å—É–ø–µ—Ä ) –ù–µ–¥–∞–ª–µ–∫–æ –æ—Ç –º–µ–Ω—è, —Ö–æ—Ä–æ—à–∏–π –≤—ã–±–æ—Ä, —Å–≤–æ—è –ø–µ–∫–∞—Ä–Ω—è. –í —á–∞—Å –ø–∏–∫ –∫–æ–Ω–µ—á–Ω–æ –Ω–∞–≥—Ä—É–∑–∫–∞ –±–æ–ª—å—à–∞—è, –Ω–æ –∫–∞—Å—Å –º–Ω–æ–≥–æ - –Ω–∏ —Ä–∞–∑—É –Ω–µ –≤—Ç—ã–∫–∞–ª–∏—Å—å. –ï—â–µ –µ—Å—Ç—å —Å—Ç–µ–π–∫–∏ –¥–ª—è –∂–∞—Ä–∫–∏ –∏ –Ω–µ–ø–ª–æ—Ö–æ–π –≤—ã–±–æ—Ä –ø–æ –∞–ª–∫–æ–≥–æ–ª—é.",5,2021-04-02,2026-01-21 21:50:00
Carefood,yandex,"–û—Ç–ª–∏—á–Ω—ã–π —Å—É–ø–µ—Ä–º–∞—Ä–∫–µ—Ç, —Ä–∞–∑–Ω–æ–æ–±—Ä–∞–∑–∏–µ –≤—ã–±–æ—Ä–∞ —É–¥–∏–≤–ª—è–µ—Ç! –¶–µ–Ω—ã –ø—Ä–∏–µ–º–ª–µ–º—ã–µ! –ß–∏—Å—Ç–æ, –∞–∫–∫—É—Ä–∞—Ç–Ω–æ",5,2025-04-17,2026-01-21 21:50:00
Carefood,yandex,"–û—á–µ–Ω—å –º–Ω–æ–≥–æ —Ç–æ–≤–∞—Ä–∞, –Ω–∞ –ª—é–±–æ–π –≤–∫—É—Åüå∑ –û—á–µ–Ω—å —É—é—Ç–Ω–∞—è –æ–±—Å—Ç–æ–Ω–æ–≤–∫–∞ –∏ –∫–æ–º—Ñ–æ—Ä—Ç–æ –Ω–∞—Ö–æ–¥–∏—Ç—å—Å—è –∞ –º–∞–≥–∞–∑–∏–Ω–µ! + –æ—á–µ–Ω—å –≤–∫—É—Å–Ω–≤–µ –Ω–∞–ø–∏—Ç–∫–∏ –∏ —Å–≤–µ–∂–∞—è –µ–¥–∞üòÅ",5,2024-01-04,2026-01-21 21:50:00
Carefood,yandex,"–û—Ç–ª–∏—á–Ω—ã–π –º–∞–≥–∞–∑–∏–Ω, –µ—Å—Ç—å –ø—Ä–∞–∫—Ç–∏—á–µ—Å–∫–∏ –≤—Å–µ –∫—Ä–æ–º–µ –Ω–æ—Ä–º–∞–ª—å–Ω–æ–≥–æ –∞—Å—Å–æ—Ä—Ç–∏–º–µ–Ω—Ç–∞ –æ–≤–æ—â–µ–π –∏ —Ñ—Ä—É–∫—Ç–æ–≤. –ö–∞–∫–∏–µ-—Ç–æ —Ç–æ–≤–∞—Ä—ã –¥–µ—à—ë–≤—ã–µ, –∫–∞–∫–∏–µ-—Ç–æ —Å–æ–≤—Å–µ–º –∫–∞–∫ —Å–∞–º–æ–ª—ë—Ç. –ï–∑–¥–∏–º —Å —Å–µ–º—å—ë–π –∫–∞–∂–¥—ã–µ –≤—ã—Ö–æ–¥–Ω—ã–µ –∑–∞–∫—É–ø–∞—Ç—å—Å—è.",4,2023-05-08,2026-01-21 21:50:00
Carefood,yandex,"–°–∞–º—ã–π –ª—É—á—à–∏–π –≥–∏–ø–µ—Ä–º–∞—Ä–∫–µ—Ç –ê–ª–º–∞—Ç—ã. –û–≥—Ä–æ–º–Ω—ã–π –∞—Å—Å–æ—Ä—Ç–∏–º–µ–Ω—Ç –≤—Å–µ–≥–æ. –ó–¥–µ—Å—å –∫–∞–∂–¥—ã–π –Ω–∞–π–¥–µ—Ç —á—Ç–æ –∏—â–µ—Ç: –∑–¥–æ—Ä–æ–≤–æ–µ –ø–∏—Ç–∞–Ω–∏–µ, –≤–µ–≥–∞–Ω –ø—Ä–æ–¥—É–∫—Ç—ã, —Ñ–µ—Ä–º–µ—Ä—Å–∫–∏–µ –ø—Ä–æ–¥—É–∫—Ü–∏–∏, —Å—É—Ö–æ—Ñ—Ä—É–∫—Ç—ã, –±–∞–∫–∞–ª–µ—è.",5,2022-01-15,2026-01-21 21:50:00
Carefood,yandex,"–•–æ—Ä–æ—à–æ–µ –º–µ—Å—Ç–æ –¥–ª—è –ø–æ–∫—É–ø–∫–∏ –µ–¥—ã –∏ –ø–µ—Ä–µ–∫—É—Å–∞. –ø—Ä–æ–¥—É–∫—Ç—ã —Ç–æ–∂–µ –æ—á–µ–Ω—å –º–Ω–æ–∂–µ—Å—Ç–≤–æ –Ω–∞ –≤—ã–±–æ—Ä,—Ü–µ–Ω—ã –ø—Ä–∏–µ–º–ª–µ–º—ã,–≤ –∫–∞—Å—Å–µ –æ—á–µ–Ω—å –±—ã—Å—Ç—Ä–æ –æ–±—Å–ª—É–∂–∏–≤–∞—é—Ç, –æ—á–µ—Ä–µ–¥–∏ –ø—Ä–∞–∫—Ç–∏—á–µ—Å–∫–∏–π –Ω–µ –±—ã–≤–∞–µ—Ç.",5,2022-07-24,2026-01-21 21:50:00
Carefood,yandex,"–í—Ä–æ–¥–µ –≤—Å—ë –µ—Å—Ç—å –Ω–æ –ø—Ä–æ–±–ª–µ–º—ã —Å —Ñ—Ä—É–∫—Ç–∞–º–∏ –∏ –∑–∞–º–æ—Ä–æ–∂–µ–Ω–Ω–æ–π –ø—Ä–æ–¥—É–∫—Ü–∏–µ–π. –ú–æ–∂–µ—Ç —è –ø—Ä–æ—Å—Ç–æ –Ω–µ –Ω–∞—à–µ–ª, –Ω–æ —Ñ—Ä—É–∫—Ç—ã —Ç–æ–ª—å–∫–æ —Ñ–∞—Å–æ–≤–∞–Ω–Ω—ã–µ, –∞ –≤–∑–º–æ—Ä–æ–∑–∫–µ –Ω–µ –Ω–∞—à–µ–ª –ø–µ—á–µ–Ω—å. –í —Ü–µ–ª–æ–º —ç—Ç–æ –Ω–∞–º–Ω–æ–≥–æ –ª—É—á—à–µ —á–µ–º –º–∞–≥–Ω—É–º.",3,2023-03-20,2026-01-21 21:50:00
Carefood,yandex,"–û—á–µ–Ω—å –¥–æ—Ä–æ–≥–æ–π –º–∞–≥–∞–∑–∏–Ω,–ø—Ä–æ–¥—É–∫—Ç—ã –∫–∞–∫ –∏ –≤–µ–∑–¥–µ –∞ —Ü–µ–Ω—ã –±—É–¥—Ç–æ —Å –¥—Ä—É–≥–æ–π –ø–ª–∞–Ω–µ—Ç—ã. –ö—Ä–∞—Å–Ω–∞—è –∏–∫—Ä–∞ —Ç–æ–∂–µ –¥–æ—Ä–æ–∂–µ —á–µ–º —É –¥—Ä—É–≥–∏—Ö,—Ö–æ—Ç—è –º–∞–≥–∞–∑–∏–Ω –±–æ–ª—å—à–æ–πü§∑",2,2024-02-24,2026-01-21 21:50:00
Carefood,yandex,"–ó–¥–µ—Å—å –≤—Å—ë –¥–æ—Ä–æ–≥–æ, –æ—Å–æ–±–µ–Ω–Ω–æ –ø—Ä–æ–¥—É–∫—Ç—ã. –û—á–µ—Ä–µ–¥–µ–π –Ω–µ –Ω–∞–±–ª—é–¥–∞–µ—Ç—Å—è. –°–ø–∞—Å–∞–µ—Ç –æ–ø—Ç–æ–≤–∫–∞ üòÑ",3,2024-09-06,2026-01-21 21:50:00
Carefood,yandex,"–°–∞–º—ã–π –ª—É—á—à–∏–π, –≤–∫—É—Å–Ω–æ –∏ –±–æ–ª—å—à–æ–π –∞—Å—Å–æ—Ä—Ç–∏–º–µ–Ω—Ç —Ç–æ–≤–∞—Ä–æ–≤ –Ω–∞ –ª—é–±–æ–π –≤–∫—É—Å",5,2025-09-14,2026-01-21 21:50:00
Carefood,yandex,–°—Ç–æ–ª–æ–≤–∫–∞ —Å –±–æ–ª—å—à–∏–º –∞—Å—Å–æ—Ä—Ç–∏–º–µ–Ω—Ç–æ–º. –ó–∞—Ç–æ –¥–µ–º–æ–∫—Ä–∞—Ç–∏—á–Ω—ã–µ —Ü–µ–Ω—ã!,4,2025-09-14,2026-01-21 21:50:00
Carefood,yandex,"–ë–æ–ª—å—à–æ–π –≤—ã–±–æ—Ä —Ç–æ–≤–∞—Ä–æ–≤, –º–Ω–æ–≥–æ –ø—Ä–æ–¥—É–∫—Ü–∏–∏, –∫–æ—Ç–æ—Ä—É—é —Ç—Ä—É–¥–Ω–æ –Ω–∞–π—Ç–∏ –≤ –≥–æ—Ä–æ–¥–µ, –≤—ã–ø–µ—á–∫–∞ —Å–≤–µ–∂–∞—è, –∞—Å—Å–æ—Ä—Ç–∏–º–µ–Ω—Ç –æ–≥—Ä–æ–º–Ω—ã–π, –º–æ–∂–Ω–æ –ø–µ—Ä–µ–∫—É—Å–∏—Ç—å –Ω–∞ –º–µ—Å—Ç–µ, –ø–µ—Ä—Å–æ–Ω–∞–ª –≤–µ–∂–ª–∏–≤—ã–π, –º–Ω–æ–≥–æ –∫–∞—Å—Å",5,2022-12-19,2026-01-21 21:50:00
Carefood,yandex,"–ú–∞–≥–∞–∑–∏–Ω —Å –æ–≥—Ä–æ–º–Ω—ã–º —Ä–∞–∑–Ω–æ–æ–±—Ä–∞–∑–∏–µ–º —Ç–æ–≤–∞—Ä–æ–≤. –ù–µ—Å–∫–æ–ª—å–∫–æ –≤–∏–¥–æ–≤ —É–∫—Å—É—Å–Ω–æ–π —ç—Å—Å–µ–Ω—Ü–∏–∏ –∫ –ø—Ä–∏–º–µ—Ä—É, —Å–æ—É—Å—ã, –∫–æ—Å–º–µ—Ç–∏–∫–∞. –ò–º–µ–µ—Ç—Å—è –≤ –ø—Ä–æ–¥–∞–∂–µ –≤–∫—É—Å–Ω—ã–π —Ö–ª–µ–± —Å–æ–±—Å—Ç–≤–µ–Ω–Ω–æ–≥–æ –ø—Ä–æ–∏–∑–≤–æ–¥—Å—Ç–≤–∞.",5,2022-11-27,2026-01-21 21:50:00
Carefood,yandex,"–û—Ç–ª–∏—á–Ω—ã–π —Å—É–ø–µ—Ä–º–∞—Ä–∫–µ—Ç. –ï—Å—Ç—å –ø—Ä–æ–¥—É–∫—Ç—ã, –∫–æ—Ç–æ—Ä—ã—Ö –Ω–µ—Ç –≤ –ú–∞–≥–Ω—É–º–µ –∏–ª–∏ –°–º–æ–ª–µ. –¶–µ–Ω—ã –Ω–µ –º–Ω–æ–≥–æ –≤—ã—à–µ, –Ω–æ –∫–æ–≥–¥–∞ —Ö–æ—á–µ—Ç—Å—è —á–µ–≥–æ —Ç–æ –Ω–µ –æ–±—ã—á–Ω–æ–≥–æ, —Ç–∞–º –º–æ–∂–Ω–æ –Ω–∞–π—Ç–∏. –†—è–¥–æ–º –±–æ–ª—å—à–∞—è –∫—É–ª–∏–Ω–∞—Ä–∏—è.",5,2023-08-08,2026-01-21 21:50:00
Carefood,yandex,"–•–æ—Ä–æ—à–∏–π —Å—É–ø–µ—Ä–º–∞—Ä–∫–µ—Ç. –î–æ—Å—Ç—É–ø–Ω—ã–µ —Ü–µ–Ω—ã. –û—Ç–∑—ã–≤—á–∏–≤—ã–π –ø–µ—Ä—Å–æ–Ω–∞–ª. –ù–µ–æ–±—Ö–æ–¥–∏–º—ã–π –∞—Å—Å–æ—Ä—Ç–∏–º–µ–Ω—Ç. –î–æ—Å—Ç—É–ø–Ω–æ—Å—Ç—å, –µ—Å—Ç—å –≥–¥–µ –ø—Ä–∏–ø–∞—Ä–∫–æ–≤–∞—Ç—å –º–∞—à–∏–Ω—É. –•–æ—Ä–æ—à–µ–µ, —Å–æ–≤—Ä–µ–º–µ–Ω–Ω–æ–µ –æ—Ñ–æ—Ä–º–ª–µ–Ω–∏–µ.",5,2022-06-15,2026-01-21 21:50:00
Carefood,yandex,"–ï—Å—Ç—å –º–Ω–æ–≥–æ —á–µ–≥–æ, —á–µ–≥–æ –Ω–µ—Ç –≤ –æ–±—ã—á–Ω—ã—Ö —Å—É–ø–µ—Ä–º–∞—Ä–∫–µ—Ç–∞—Ö, –Ω–æ –∑–∞–∫—Ä—ã–≤–∞—é—Ç—Å—è –∏ –≤—Å–µ—Ö –≤—ã–≥–æ–Ω—è—é—Ç –∑–∞ –ø–æ–ª —á–∞—Å–∞ –¥–æ –∑–∞–∫—Ä—ã—Ç–∏—è. + –í—ã—Ö–æ–¥–∏—Ç –¥–æ—Ä–æ–≥–æ–≤–∞—Ç–æ",4,2023-06-30,2026-01-21 21:50:00
Carefood,yandex,"–¢–∞–∫–æ–≥–æ –∏–∑–æ–±–∏–ª–∏—è –∞—Å—Å–æ—Ä—Ç–∏–º–µ–Ω—Ç–∞ –ª—é–±–æ–≥–æ —Ç–æ–≤–∞—Ä–∞ —è –Ω–µ –≤–∏–¥–µ–ª –Ω–∏–≥–¥–µ –≤ –Ω–∞—à–µ–º –≥–æ—Ä–æ–¥–µ!)) –ò –≤ –æ—Ç–ª–∏—á–∏–µ –æ—Ç –¥—Ä—É–≥–∏—Ö –°—É–ø–µ—Ä–º–∞—Ä–∫–µ—Ç–æ–≤ –≥–¥–µ —Ä–∞–±–æ—Ç–Ω–∏–∫–∏ –Ω–µ –∑–Ω–∞—é—Ç –≥–¥–µ —á—Ç–æ –ª–µ–∂–∏—Ç... –≤ Carefood, –≤—Å–µ –æ—á–µ–Ω—å –ø—Ä–∏–≤–µ—Ç",5,2021-11-18,2026-01-21 21:50:00
Carefood,yandex,"–ú–æ–π –ª—é–±–∏–º—ã–π –æ—Ç–¥–µ–ª –∑–¥–æ—Ä–æ–≤–æ–≥–æ –ø–∏—Ç–∞–Ω–∏—è. –í—Å–µ–≥–¥–∞ –ø—Ä–∏–æ–±—Ä–µ—Ç–∞—é—Ç –∫—Ä—É–ø—ã, –ø–æ–ª–µ–∑–Ω—ã–µ —Å–ª–∞–¥–æ—Å—Ç–∏ –∏ –¥–µ—Å–µ—Ä—Ç—ã. –í —Ü–µ–ª–æ–º –≤ –º–∞–≥–∞–∑–∏–Ω–µ –æ–≥—Ä–æ–º–Ω–∞—è –ª–∏–Ω–µ–π–∫–∞ —Ç–æ–≤–∞—Ä–æ–≤.",5,2023-11-21,2026-01-21 21:50:00
Carefood,yandex,"–ü–µ—Ä—Å–æ–Ω–∞–ª, –Ω—É —Å–∫–∞–∂—É –Ω–µ –≤–µ–∑–¥–µ —Ö–æ—Ä–æ—à...–û—á–µ–Ω—å —á–∏—Å—Ç–æ, –≤—ã–±–æ—Ä —Ç–æ–≤–∞—Ä–æ–≤ –Ω–µ –ø–ª–æ—Ö–æ–π, –±—ã–≤–∞—é—Ç —Ö–æ—Ä–æ—à–∏–µ –∞–∫—Ü–∏–∏, –Ω—É –≤ —Ü–µ–ª–æ–º –Ω–∞ –ª—é–±–∏—Ç–µ–ª—è...",3,2024-03-10,2026-01-21 21:50:00
Carefood,yandex,"–ë–æ–ª—å—à–æ–π –º–∞–≥–∞–∑–∏–Ω, –≤—ã–±–æ—Ä –∞—Å—Å–æ—Ä—Ç–∏–º–µ–Ω—Ç–∞ –æ—á–µ–Ω—å –±–æ–ª—å—à–æ–π. –û—á–µ–Ω—å —É–¥–æ–±–Ω–æ , –ø—Ä–∏—à–µ–ª –≤ –æ–¥–∏–Ω –º–∞–≥–∞–∑–∏–Ω –∏ —Ç–∞–º –≤—Å—ë –µ—Å—Ç—å . –†–µ–∫–æ–º–µ–Ω–¥—É—é –ø–æ—Å–µ—Ç–∏—Ç—å —ç—Ç–æ—Ç –º–∞–≥–∞–∑–∏–Ω.",5,2024-04-01,2026-01-21 21:50:00
Carefood,yandex,–û—á–µ–Ω—å –æ–≥—Ä–æ–º–Ω—ã–π –ú–∞–≥–∞–∑–∏–Ω –ú–Ω–æ–≥–æ —Ç–∞–∫–∏—Ö —Ç–æ–≤–∞—Ä–æ–≤ —á—Ç–æ –Ω–µ—Ç –≤ –æ–±—ã—á–Ω–æ–º –º–∞–≥–∞–∑–∏–Ω–µ –ï—Å—Ç—å —Ö–æ—Ä–æ—à–∏–µ —Å–∫–∏–¥–∫–∏ –ü—Ä–æ—Å—Ç–æ –ø—Ä–æ–π—Ç–∏—Å—å –ø–æ –ö–∞—Ä—Ñ—É–¥ –∑–∞–Ω–∏–º–∞–µ—Ç –º–Ω–æ–≥–æ –≤—Ä–µ–º–µ–Ω–∏ –ö—É–ª–∏–Ω–∞—Ä–∏—è –ö–∞–∑–∞–Ω –æ—á–µ–Ω—å —Ö–æ—Ä–æ—à–∞—è,5,2025-05-28,2026-01-21 21:50:00
Carefood,yandex,–ï—Å—Ç—å –Ω–µ–∫–æ—Ç–æ—Ä—ã–µ –ø—Ä–æ–¥—É–∫—Ç—ã —á—Ç–æ –Ω–µ –Ω–∞–π—Ç–∏ –≤ –¥—Ä—É–≥–∏—Ö –º–∞–≥–∞–∑–∏–Ω–∞—Ö. –ù–∞–ø—Ä–∏–º–µ—Ä —Ç–µ—Å—Ç–æ –¥–ª—è –ø–∞—Ö–ª–∞–≤—ã –§–∏–ª–æ. –û—á–µ–Ω—å –Ω—Ä–∞–≤–∏—Ç—Å—è –ø–µ—Ä—Å–æ–Ω–∞–ª –∫–æ—Ç–æ—Ä—ã–π –≤–µ–∂–ª–∏–≤–æ —Ç–µ–±—è –∫–æ–Ω—Å—É–ª—å—Ç–∏—Ä—É–µ—Ç.,5,2022-01-31,2026-01-21 21:50:00
Carefood,yandex,"–û—Ç–ª–∏—á–Ω—ã–π –≥–∏–ø–µ—Ä –ø—Ä–æ–¥—É–∫—Ç–æ–≤—ã–π, —à–∏–∫–∞—Ä–Ω—ã–π –∞—Å—Å–æ—Ä—Ç–∏–º–µ–Ω—Ç.",5,2025-07-27,2026-01-21 21:50:00
Carefood,yandex,"–¢–¶ –≥—Ä–∞–Ω–¥ –ø–∞—Ä–∫ –∫–ª–∞—Å—Å–Ω—ã–π,—É–¥–æ–±–Ω—ã–π, –ø–∞—Ä–∫–æ–≤–∫–∞ —Å–≤–æ–±–æ–¥–Ω–∞... –Ω–∞—à–ª–∞ –¥–ª—è —Å–µ–±—è –æ—Ç–¥–µ–ª –æ—á–µ–Ω—å —Å –≥—É–º–∞–Ω–Ω—ã–º–∏ —Ü–µ–Ω–∞–º–∏ –≤—Å–µ–º —Ä–µ–∫–æ–º–µ–Ω–¥—É—é –º–∞–≥–∞–∑–∏–Ω in bazar –≤ 9- –±–ª–æ–∫.",5,2023-11-18,2026-01-21 21:50:00
Carefood,yandex,"–î–æ–±—Ä–æ–≥–æ –¥–Ω—è —Å—É—Ç–æ–∫, —á—Ç–æ —è –º–æ–≥—É —Å–∫–∞–∑–∞—Ç—å —Ü–µ–Ω—ã –Ω–µ–º–Ω–æ–≥–æ –∑–∞–≤—ã—à–µ–Ω—ã –∏ —Å–∞–º–æ–µ –≥–ª–∞–≤–Ω–æ–µ —ç–ª–µ–∫—Ç—Ä–æ–Ω–Ω—ã–µ —è—á–µ–π–∫–∏ –¥–ª—è –≤–µ—â–µ–π –∏—Ö –º–Ω–æ–≥–æ –Ω–æ –ø–æ–ª–æ–≤–∏–Ω–∞ –Ω–µ —Ä–∞–±–æ—Ç–∞–µ—Ç,–∞ —Ç–µ —á—Ç–æ –µ—Å—Ç—å –ø–æ—Å—Ç–æ—è–Ω–Ω–æ –∏—Ö –Ω–µ —Ö–≤–∞—Ç–∞–µ—Ç",3,2024-02-16,2026-01-21 21:50:00
Carefood,yandex,"–ê—Å—Å–æ—Ä—Ç–∏–º–µ–Ω—Ç –æ—Ç–ª–∏—á–∞–µ—Ç—Å—è –æ—Ç –¥—Ä—É–≥–∏—Ö —Å—É–ø–µ—Ä–º–∞—Ä–∫–µ—Ç–æ–≤, –µ—Å—Ç—å —Ç–æ–≤–∞—Ä—ã, –∫–æ—Ç–æ—Ä—ã—Ö –Ω–µ –Ω–∞–π—Ç–∏ –≤ —Ç–æ–º –∂–µ –º–∞–≥–Ω—É–º–µ. –•–æ—Ç—è –≤ —Ü–µ–ª–æ–º –≤ Carefood –Ω–µ–º–Ω–æ–≥–æ –ø–æ–¥–æ—Ä–æ–∂–µ",4,2024-03-28,2026-01-21 21:50:00
Carefood,yandex,"–û—á–µ–Ω—å –ª—é–±–ª—é —ç—Ç–æ—Ç —Å—É–ø–µ—Ä–º–∞—Ä–∫–µ—Ç. –í—Å–µ–≥–¥–∞ –∏–¥–µ–∞–ª—å–Ω–∞—è —á–∏—Å—Ç–æ—Ç–∞, –ø—Ä–µ–∫—Ä–∞—Å–Ω—ã–π –∞—Å—Å–æ—Ä—Ç–∏–º–µ–Ω—Ç –∏ –≤—Å–µ–≥–¥–∞ —Å–≤–µ–∂–∏–µ –ø—Ä–æ–¥—É–∫—Ç—ã!",5,2023-10-12,2026-01-21 21:50:00
Carefood,yandex,"–û—á–µ–Ω—å –Ω—Ä–∞–≤–∏—Ç—Å—è —ç—Ç–æ—Ç –º–∞–≥–∞–∑–∏–Ω. –ü–æ—Å—Ç–æ—è–Ω–Ω–æ –µ–∑–¥–∏–º —Ç—É–¥–∞ –∑–∞–∫—É–ø–∞—Ç—å—Å—è. –í—ã–±–æ—Ä –±–æ–ª—å—à–æ–π –≤—Å–µ–≥–æ, —Ü–µ–Ω—ã , –∫–∞–∫ –≤–µ–∑–¥–µ. –ß–∏—Å—Ç—ã–π –ø—Ä–æ—Å—Ç–æ—Ä–Ω—ã–π –º–∞–≥–∞–∑–∏–Ω.",5,2023-01-16,2026-01-21 21:50:00
Carefood,yandex,"–ü–æ–Ω—Ä–∞–≤–∏–ª—Å—è –º–∞–≥–∞–∑–∏–Ω, –±–æ–ª—å—à–æ–π, –Ω–æ –º–∞–ª–æ–≤–∞—Ç –∞—Å—Å–æ—Ä—Ç–∏–º–µ–Ω—Ç –∏ —Ü–µ–Ω—ã —Å—Ä–µ–¥–Ω–∏–µ —Å–∫–æ—Ä–µ–µ –ø–æ –≥–æ—Ä–æ–¥—É. –û—á–µ–Ω—å –ø–æ–Ω—Ä–∞–≤–∏–ª—Å—è —Ç–µ—Ö–æ—Ç–¥–µ–ª —Å –≥–æ—Ç–æ–≤–æ–π –µ–¥–æ–π, –≤—ã–ø–µ—á–∫–æ–π. –û—Å–æ–±–µ–Ω–Ω–æ –±–∞—É—Ä—Å–∞–∫–∏.",4,2022-11-05,2026-01-21 21:50:00
Carefood,yandex,–ë–æ–ª—å—à–æ–π –≤—ã–±–æ—Ä –≤—Å–µ–≥–æ –∫—Ä–æ–º–µ –æ–≤–æ—â–µ–π. –ï–∑–∂—É —Å—é–¥–∞ –∫–∞–∂–¥—É—é –Ω–µ–¥–µ–ª—é. –ö–∞—á–µ—Å—Ç–≤–æ –ø—Ä–æ–¥—É–∫—Ç–æ–≤ –æ—Ç–ª–∏—á–Ω–æ–µ. –ö–∞–∂–µ—Ç—Å—è —Ü–µ–Ω—ã –Ω–∏–∂–µ —á–µ–º –≤ –º–∞–≥–Ω—É–º–µ.,4,2023-05-07,2026-01-21 21:50:00
Carefood,yandex,"–°–∞–º—ã–π –ª—É—á—à–∏–π, –æ–≥—Ä–æ–º–Ω—ã–π –∞—Å—Å–æ—Ä—Ç–∏–º–µ–Ω—Ç, –∞–∫—Ü–∏–∏, —á–∏—Å—Ç—ã–π, —Ç–µ–ø–ª—ã–π –≥–∏–ø–µ—Ä–º–∞—Ä–∫–µ—Ç. –í–µ–∂–ª–∏–≤—ã–µ —Å–æ—Ç—Ä—É–¥–Ω–∏–∫–∏.",5,2024-02-17,2026-01-21 21:50:00
Carefood,yandex,"–û–≥—Ä–æ–º–Ω—ã–π –∞—Å—Å–æ—Ä—Ç–∏–º–µ–Ω—Ç —Ç–æ–≤–∞—Ä–∞, –∏–º–ø–æ—Ä—Ç –∏ –º–µ—Å—Ç–Ω—ã–π –ø—Ä–æ–∏–∑–≤–æ–¥–∏—Ç–µ–ª—å. –í–µ–ª–∏–∫–æ–ª–µ–ø–Ω—ã–π –º—è—Å–Ω–æ–π –æ—Ç–¥–µ–ª (–ª—É—á—à–µ –≤ –ê–ª–º–∞—Ç—ã –Ω–µ‚Ä¶)",5,2022-01-24,2026-01-21 21:50:00
Carefood,yandex,"–°–∞–º—ã–π –ª—É—á—à–∏–π –≥–∏–ø–µ—Ä–º–∞—Ä–∫–µ—Ç. –¢–∞–º –≤—Å–µ —Å–≤–µ–∂–∏–µ –ø—Ä–æ–¥—É–∫—Ç—ã –∏ –º–Ω–æ–≥–æ –≤—ã–±–æ—Ä–∞. –¶–µ–Ω—ã —á—É—Ç—å –≤—ã—à–µ —á–µ–º –º–∞–≥–Ω—É–º, –Ω–æ –æ–Ω–æ —Ç–æ–≥–æ —Å—Ç–æ–∏—Ç. –ë–∞—É—ã—Ä—Å–∞–∫–∏ –≥–æ—Ç–æ–≤—è—Ç –¥–∞–∂–µ –Ω–∞ –º–µ—Å—Ç–µ. –ì–æ—Ä—è—á–∞—è –≤–∫—É—Å–Ω–∞—è.",5,2021-02-03,2026-01-21 21:50:00
Carefood,yandex,"–û—Ç–ª–∏—á–Ω—ã–π –º–∞–≥–∞–∑–∏–Ω, –æ–≥—Ä–æ–º–Ω—ã–π –∞—Å—Å–æ—Ä—Ç–∏–º–µ–Ω—Ç —Ç–æ–≤–∞—Ä–æ–≤, –ø–æ–∫–∞ –≤–µ—Å—å –æ–±–æ–π–¥—ë—à—å —É—Å—Ç–∞–Ω–µ—à—åüòÅ–¥–ª—è –∂–∏–≤–æ—Ç–Ω—ã—Ö —Ç–æ–∂–µ –æ—á–µ–Ω—å –º–Ω–æ–≥–æ —á—Ç–æ –º–æ–∂–Ω–æ –ø–æ–¥–æ–±—Ä–∞—Ç—å",5,2024-07-17,2026-01-21 21:50:00
Carefood,yandex,–ú–ï–†–ó–ö–û–ï –û–ë–°–õ–£–ñ–ò–í–ê–ù–ò–ï –ù–ê –ö–ê–°–°–ï!!! 26 –¥–µ–∫–∞–±—Ä—è 2025–≥ –≤ 12.23. –∫—É–ø–∏–ª —à–æ–∫–æ–ª–∞–¥–Ω–æ–µ –∞—Å—Å–æ—Ä—Ç–∏ –≤–∑—è–ª –Ω–æ–≤–æ–≥–æ–¥–Ω–∏–π –ø–∞–∫–µ—Ç... —Ä–∞–∑–≥–æ–≤–æ—Ä —Å–æ –º–Ω–æ–π —Å—Ç–∞–ª‚Ä¶,1,2025-12-26,2026-01-21 21:50:00
Carefood,yandex,"–û—á–µ–Ω—å —Ö–æ—Ä–æ—à–∏–π –º–∞–≥–∞–∑–∏–Ω, –ø—Ä–∞–∫—Ç–∏—á–µ—Å–∫–∏ –≤—Å–µ –≤ –Ω–µ–º –µ—Å—Ç—å.–î–ª—è –¥–æ–º–∞—à–Ω–∏—Ö –ø–∏—Ç–æ–º—Ü–µ–≤,–∫—Ä–∞—Å–∫–∞ –¥–ª—è –≤–æ–ª–æ—Å –æ–±—ã—á–Ω–∞—è –∏ –ø—Ä–æ—Ñ–µ—Å—Å–∏–æ–Ω–∞–ª—å–Ω–∞—è,—Ö–ª–µ–±–æ–±—É–ª–æ—á–Ω–∞—è —Ä—è–¥–æ–º",5,2023-06-15,2026-01-21 21:50:00
Carefood,yandex,"–í—Å–µ —Å–≤–µ–∂–µ–µ –∏ –ª—É—á—à–µ–µ ,–Ω–∞–π–¥–µ—à—å –≤—Å–µ —á—Ç–æ –Ω–∞–¥–æ –∏ –¥–ª—è –¥–æ–º–∞ –∫—É—Ö–Ω–∏,—Å–≤–µ–∂–∏–µ –æ–≤–æ—â–∏ –∏ —Ñ—Ä—É–∫—Ç—ã,–º–æ–ª–æ—á–∫–∞ ,–¥–∞–∂–µ –¥–ª—è –∂–∏–≤–æ—Ç–Ω—ã—Öüëçüëçüëç",5,2023-10-11,2026-01-21 21:50:00
Carefood,yandex,"–ë–æ–ª—å—à–æ–π –º–∞–≥–∞–∑–∏–Ω, –±–æ–ª—å—à–æ–π –∞—Å—Å–æ—Ä—Ç–∏–º–µ–Ω—Ç, –Ω–æ –µ—Å—Ç—å –¥–æ–≤–æ–ª—å–Ω–æ –Ω–µ –≤—Å–µ –ø—Ä–æ–¥—É–∫—Ç—ã –∫–æ—Ç–æ—Ä—ã–µ —Ö–æ—Ç–µ–ª–æ—Å—å –±—ã –ø—Ä–µ–æ–±—Ä–µ—Å—Ç–∏, –±–æ–ª—å—à–µ –ø—Ä–µ–æ–±–ª–∞–¥–∞—é—Ç –¥–æ—Ä–æ–≥–∏–µ. –ß–∞—Å—Ç–æ –ø–µ—Ä–µ–º–µ—â–∞—é—Ç —Ç–æ–≤–∞—Ä.",3,2020-11-01,2026-01-21 21:50:00
Carefood,yandex,–û–≥—Ä–æ–º–Ω—ã–π –≤—ã–±–æ—Ä —Ç–æ–≤–∞—Ä–æ–≤! –û—Ç–¥–µ–ª—å–Ω–∞—è –∑–æ–Ω–∞ –¥–ª—è –∫—É–ª–∏–Ω–∞—Ä–∏–∏. –ú–Ω–æ–≥–æ –æ—Å—Ç—Ä–æ–≤–æ–≤ —Å —Ç–µ–º–∞—Ç–∏—á–µ—Å–∫–∏–º–∏ —Ç–æ–≤–∞—Ä–∞–º–∏! –û—á–µ–Ω—å –≥—Ä–∞–º–æ—Ç–Ω–æ —Ä–∞—Å–ø–æ–ª–æ–∂–µ–Ω—ã –≤–∏—Ç—Ä–∏–Ω—ã! –ë—ã—Å—Ç—Ä–æ–µ –æ–±—Å–ª—É–∂–∏–≤–∞–Ω–∏–µ.,5,2021-09-27,2026-01-21 21:50:00
Carefood,yandex,–í–µ—Ä–æ—è—Ç–Ω–æ –ª—É—á—à–∏–π —Å—É–ø–µ—Ä–º–∞—Ä–∫–µ—Ç –≤ –ê–ª–º–∞—Ç–µ. –û—á–µ–Ω—å —à–∏—Ä–æ–∫–æ–π –∞—Å—Å–æ—Ä—Ç–∏–º–µ–Ω—Ç –ø—Ä–æ–¥—É–∫—Ü–∏–∏. –ß–µ—Ç–∫–∏–µ –∫–∞—Ç–µ–≥–æ—Ä–∏–∏ —Ç–æ–≤–∞—Ä–æ–≤.,5,2022-08-30,2026-01-21 21:50:00
Carefood,yandex,"–®–∏—Ä–æ–∫–∏–π –∞—Å—Å–æ—Ä—Ç–∏–º–µ–Ω—Ç, —Ö–æ—Ä–æ—à–∏–µ —Ü–µ–Ω—ã. –ï—Å—Ç—å –∫—É–ª–∏–Ω–∞—Ä–∏—è, –æ—Ç–¥–µ–ª —Å –ø—Ä–æ–¥—É–∫—Ü–∏–µ–π –¥–ª—è –ü–ü. –ë—ã–ª–æ –±—ã —Ö–æ—Ä–æ—à–æ, –µ—Å–ª–∏ –±—ã –∫–∞—Å—Å—ã —Ä–∞—Å–ø–æ–ª–∞–≥–∞–ª–∞—Å—å —Å –æ–±–µ–∏—Ö —Å—Ç–æ—Ä–æ–Ω.",5,2022-06-29,2026-01-21 21:50:00
Carefood,yandex,–ö–ª–∞—Å—Å–Ω—ã–π —Å—É–ø–µ—Ä–º–∞—Ä–∫–µ—Ç. –í—ã–±–æ—Ä —Ö–æ—Ä–æ—à–∏–π. –¢–æ–≤–∞—Ä –∫–ª–∞—Å—Å–Ω—ã–π. –ê—Ç–º–æ—Å—Ñ–µ—Ä–∞ –ø—Ä–∏—è—Ç–Ω–∞—è. –ú–Ω–µ –≤—Å–µ –ø–æ–Ω—Ä–∞–≤–∏–ª–æ—Å—å.,5,2024-03-27,2026-01-21 21:50:00
Carefood,yandex,"–û–≥—Ä–æ–º–Ω—ã–π –≤—ã–±–æ—Ä —Ç–æ–≤–∞—Ä–∞, –Ω–æ –ø–æ —Å—Ä–∞–≤–Ω–µ–Ω–∏—é —Å –º–∞–≥–Ω—É–º–æ–º –¥–æ—Ä–æ–≥–æ–≤–∞—Ç —Å—Ç–∞–ª. –†–∞–Ω—å—à–µ —Ä–∞—Å–ø–æ–ª–æ–∂–µ–Ω–∏–µ –±—ã–ª–æ –ª—É—á—à–µ –∏ —É–¥–æ–±–Ω–µ–µ, –ø–æ—Å–ª–µ —Ç–æ–≥–æ –∫–∞–∫ –ø–µ—Ä–µ–º–µ—Å—Ç–∏–ª–∏ –Ω–µ –æ—á–µ–Ω—å.",3,2021-09-08,2026-01-21 21:50:00
Carefood,yandex,"–û—Ç–ª–∏—á–Ω—ã–π –º–∞–≥–∞–∑–∏–Ω, –ø–æ–ª–Ω—ã–π –ø–æ—Ä—è–¥–æ–∫ —Ç–æ–≤–∞—Ä–æ–≤, –±–æ–ª—å—à–æ–π –≤—ã–±–æ—Ä —Å–≤–µ–∂–µ–π –ø—Ä–æ–¥—É–∫—Ü–∏–∏",5,2024-06-28,2026-01-21 21:50:00
Carefood,yandex,"–û—Ç–∫—Ä—ã–ª—Å—è –∫–∞–∫ –º–∞–≥–∞–∑–∏–Ω —Ç–æ–≤–∞—Ä–æ–≤ –ø—Ä–æ–∏–∑–≤–µ–¥–µ–Ω–Ω—ã—Ö –≤ –ö–∞–∑–∞—Ö—á—Ç–∞–Ω–µ, –æ–¥–Ω–∞–∫–æ —Ü–µ–Ω—ã –≤—ã—à–µ —á–µ–º –≤–µ–∑–¥–µ.. –±–æ–ª—å—à–µ –Ω–µ —Ö–æ–¥–∏–º",2,2025-06-22,2026-01-21 21:50:00
Carefood,yandex,"–ê—Å—Å–æ—Ä—Ç–∏–º–µ–Ω—Ç –æ–≥—Ä–æ–º–µ–Ω, –Ω–æ —Ü–µ–Ω—ã, –ø—Ä–æ—Å—Ç–æ –∫–æ—Å–º–æ—Å. –ú—è—Å–Ω–æ–π –æ—Ç–¥–µ–ª –ø–µ—á–∞–ª—å–Ω—ã–π. –ü–µ—Ä—Å–æ–Ω–∞–ª–∞ –≤ –∑–∞–ª–µ –Ω–µ—Ç. –ò–Ω—Ç–µ—Ä–Ω–µ—Ç –æ—Ç—Å—É—Ç—Å—Ç–≤—É–µ—Ç.",2,2022-06-19,2026-01-21 21:50:00
Carefood,yandex,"–û—Ç–ª–∏—á–Ω—ã–π –º–∞–≥–∞–∑–∏–Ω, –±–æ—à—å—à–æ–π –≤—ã–±–æ—Ä, –≤—Å–µ–≥–¥–∞ —á–∏—Å—Ç–æ, –ø–µ—á–∞–ª—å–Ω–æ —Ç–æ–ª—å–∫–æ —Ç–æ —á—Ç–æ –±–æ–ª—å—à–µ –Ω–µ—Ç –º—è—Å–Ω–æ–≥–æ –æ—Ç–¥–µ–ª–∞ —Å–æ —Å–≤–µ–∂–∏–º –º—è—Å–æ–º, —Ä–∞–Ω—å—à–µ –±—ã–ª, –º—è—Å–æ —Ç–∞–º –±—Ä–∞–ª –≤—Å–µ–≥–¥–∞, –∞ —â—è—Å –Ω–µ—Ç.",4,2022-11-04,2026-01-21 21:50:00
Carefood,yandex,–ü–æ –≤–æ–∑–º–æ–∂–Ω–æ—Å—Ç–∏ —Å—Ç–∞—Ä–∞—é—Å—å –ø–æ—Å–µ—Ç–∏—Ç—å –º–∞–≥–∞–∑–∏–Ω. –ü—Ä–∏–æ–±—Ä–µ—Ç–∞—é—Ç –ø—Ä–æ–¥—É–∫—Ç—ã –ø–∏—Ç–∞–Ω–∏—è –∏ –ª–∏—á–Ω–æ–π –≥–∏–≥–∏–µ–Ω—ã. –ö–∞—á–µ—Å—Ç–≤–æ –æ—Ç–ª–∏—á–Ω–æ–µ. –¶–µ–Ω—ã –ø—Ä–∏–µ–º–ª–µ–º—ã–µ. –ü–µ—Ä—Å–æ–Ω–∞–ª –ø—Ä–∏–≤–µ—Ç–ª–∏–≤—ã–π.,5,2022-08-16,2026-01-21 21:50:00
Carefood,yandex,"–ë–æ–ª—å—à–æ–π –≤—ã–±–æ—Ä —Ç–æ–≤–∞—Ä–æ–≤, –≤—Å–µ–≥–¥–∞ —Å–≤–µ–∂–∞—è –∑–µ–ª–µ–Ω—å.",5,2024-11-13,2026-01-21 21:50:00
Carefood,yandex,"–ë–æ–ª—å—à–æ–π, —É–¥–æ–±–Ω—ã–π, —á–∏—Å—Ç—ã–π, –ø—Ä–∏—è—Ç–Ω–∞—è –º—É–∑—ã–∫–∞, —Å–∞–º—ã–π –æ–≥—Ä–æ–º–Ω—ã–π –∞—Å—Å–æ—Ä—Ç–∏–º–µ–Ω—Ç —Ç–æ–≤–∞—Ä–æ–≤ –∏ –ø—Ä–æ–¥—É–∫—Ç–æ–≤. –®–∏–∫–∞—Ä–Ω–∞—è –∫—É–ª–∏–Ω–∞—Ä–∏—è. –ò —Ü–µ–Ω—ã –ø—Ä–∏–µ–º–ª–µ–º—ã–µ.",5,2021-05-23,2026-01-21 21:50:00
Carefood,yandex,"–ù–µ –ø—Ä–æ–¥—É–º–∞–Ω–Ω–æ —É—Å—Ç—Ä–æ–µ–Ω—ã –∫–∞—Å—Å—ã, –∑–∞–π–¥–µ—à—å —Å —Å–∞–º–æ–≥–æ –ø–æ–ø—É–ª—è—Ä–Ω–æ–≥–æ –≤—Ö–æ–¥–∞ –∏ –±—É–¥–µ—à—å –ø–ª—É—Ç–∞—Ç—å –≤ –ø–æ–∏—Å–∫–∞—Ö –∑–∞–≤–µ—Ç–Ω–æ–π –∫–∞—Å—Å—ã. –Ω–µ–∫–æ—Ç–æ—Ä—ã–µ —Ç–æ–≤–∞—Ä—ã —Ä–∞—Å—Å—Ç–∞–≤–ª–µ–Ω—ã –≤ –ø–µ—Ä–µ–º–µ—à–∫—É.",3,2022-06-28,2026-01-21 21:50:00
Carefood,yandex,"–û—Ç–ª–∏—á–Ω—ã–π —Å—É–ø–µ—Ä–º–∞—Ä–∫–µ—Ç. –û—á–µ–Ω—å —á–∞—Å—Ç–æ —Ç–∞–º –∑–∞–∫—É–ø–∞—é—Å—å. –¶–µ–Ω—ã –∫–æ–Ω–µ—á–Ω–æ –Ω–µ –¥–µ—à—ë–≤—ã–µ,–Ω–æ –∞—Å—Å–æ—Ä—Ç–∏–º–µ–Ω—Ç–æ–º –±–µ—Ä—ë—Ç. –í—Å–µ–≥–¥–∞ –Ω–∞–π–¥—ë—Ç—Å—è —Ç–æ ,—á—Ç–æ –∏—â–µ—à—å –∏ –Ω–∞ –≤—ã–±–æ—Ä.",5,2024-01-14,2026-01-21 21:50:00
Carefood,yandex,"–í—ã–±–æ—Ä –¥–æ—Å—Ç–∞—Ç–æ—á–Ω–æ –±–æ–ª—å—à–æ–π, —Ç–∞–º –µ—Å—Ç—å –ø–æ—á—Ç–∏ –≤—Å–µ, –∫–∞—á–µ—Å—Ç–≤–æ —Ç–æ–≤–∞—Ä–∞ –≤—Ä–æ–¥–µ –Ω–æ—Ä–º–∞–ª—å–Ω–æ–µ, –ø–µ—Ä—Å–æ–Ω–∞–ª –æ—Ç–∑—ã–≤—á–∏–≤—ã–π",5,2023-07-03,2026-01-21 21:50:00
Carefood,yandex,"–û—á–µ–Ω—å —Ö–æ—Ä–æ—à–∏–π –≥–∏–ø–µ—Ä–º–∞—Ä–∫–µ—Ç, –≤ –∫–æ—Ç–æ—Ä–æ–º –µ—Å—Ç—å –Ω–µ —Ç–æ–ª—å–∫–æ –ø—Ä–æ–¥—É–∫—Ç—ã –ø–∏—Ç–∞–Ω–∏—è, –Ω–æ –∏ –º–Ω–æ–≥–æ —Ç–æ–≤–∞—Ä–æ–≤ –¥–ª—è –¥–æ–º–∞ (–ø–æ—Å—É–¥–∞, –∫–∞–Ω—Ü—Ç–æ–≤–∞—Ä—ã, –∫–æ–≤—Ä–∏–∫–∏). –†–µ–∫–æ–º–µ–Ω–¥—É—é!",5,2023-01-10,2026-01-21 21:50:00
Carefood,yandex,"–ü—Ä–æ–¥—É–∫—Ç–æ–≤—ã–π –≥–∏–ø–µ—Ä–º–∞—Ä–∫–µ—Ç –Ω–∞—Å–ª–∞–∂–¥–∞—é—Å—å —ç—Å—Ç–µ—Ç–∏–∫–æ–π –∏ –æ—Å–≤–µ—â–µ–Ω–∏–µ –º–∞–≥–∞–∑–∏–Ω–∞. –Ø—Ä–∫–∏–π –∏–Ω—Ç–µ—Ä—å–µ—Ä –º–∞–≥–∞–∑–∏–Ω–∞, –ø—Ä–æ—Å—Ç–æ—Ä–Ω—ã–π, –Ω–∞ –ø—Ä–∏–≤–ª–∞–∫–∞—Ö –Ω–∞–π–¥–µ—à—å –ª—é–±–æ–π —Ç–æ–≤–∞—Ä.",5,2024-02-25,2026-01-21 21:50:00
Carefood,yandex,"–¶–µ–Ω—ã –¥–ª—è —Å—Ä–µ–¥–Ω–µ–≥–æ –∫–ª–∞—Å—Å–∞ . –í—ã–ø–µ—á–∫–∏ –≤–∫—É—Å–Ω—ã–µ –∏ —Å–≤–µ–∂–∏–µ. –ß–∏—Å—Ç–æ. –ó–∞—Ö–æ–∂—É —Å —Å—ã–Ω–æ–º , –≥–ª–∞–∑–∞ —Ä–∞–∑–±–µ–≥–∞—é—Ç—Å—è , –Ω–æ —Ü–µ–Ω—ã –æ—Ç –º–Ω–æ–≥–∏—Ö —Ç–æ–≤–∞—Ä–æ–≤ –∫—É—Å–∞—é—Ç—Å—è",5,2022-01-13,2026-01-21 21:50:00
Carefood,yandex,–í—Å–µ —Ç–æ–≤–∞—Ä—ã –∫–æ—Ç–æ—Ä—ã–µ –∏—â–µ—Ç–µ –º–æ–∂–µ—Ç–µ —Ç—É—Ç –Ω–∞–π—Ç–∏ –≤ –æ—Ç–ª–∏—á–Ω–æ–º –∫–∞—á–µ—Å—Ç–≤–µ –∏ —Å–≤–µ–∂–∏–µ,5,2024-11-29,2026-01-21 21:50:00
Carefood,yandex,"–û—á–µ–Ω—å –Ω—Ä–∞–≤–∏—Ç—Å—è –∞—Å—Å–æ—Ä—Ç–∏–º–µ–Ω—Ç —Ç–æ–≤–∞—Ä–æ–≤, –æ—Å–æ–±–µ–Ω–Ω–æ –º–æ–ª–æ—á–Ω–æ–π –ø—Ä–æ–¥—É–∫—Ü–∏–∏ –∏ —Å—ã—Ä–æ–≤. –í—Å–µ–≥–¥–∞ –º–æ–∂–Ω–æ –Ω–∞–π—Ç–∏ —á—Ç–æ-—Ç–æ –Ω–µ–æ–±—ã—á–Ω–æ–µ, —á–µ–≥–æ –Ω–µ—Ç –≤ —Å–µ—Ç–µ–≤—ã—Ö –º–∞–≥–∞–∑–∏–Ω–∞—Ö.",5,2023-12-21,2026-01-21 21:53:00
Carefood,yandex,"–•–æ—Ä–æ—à–∏–π –º–∞–≥–∞–∑–∏–Ω, –Ω–æ –ø–∞—Ä–∫–æ–≤–∫–∞ –≤ –≤—ã—Ö–æ–¥–Ω—ã–µ –¥–Ω–∏ ‚Äî —ç—Ç–æ –ø—Ä–æ—Å—Ç–æ –∫–≤–µ—Å—Ç. –°–∞–º –≥–∏–ø–µ—Ä–º–∞—Ä–∫–µ—Ç –ø—Ä–æ—Å—Ç–æ—Ä–Ω—ã–π, –≤–Ω—É—Ç—Ä–∏ –æ—Ä–∏–µ–Ω—Ç–∏—Ä–æ–≤–∞—Ç—å—Å—è –ª–µ–≥–∫–æ.",4,2024-04-14,2026-01-21 21:53:00
Carefood,yandex,"–í—Å–µ–≥–¥–∞ —Å–≤–µ–∂–∞—è –≤—ã–ø–µ—á–∫–∞ –∏ –æ—á–µ–Ω—å –≤–∫—É—Å–Ω—ã–µ –±–∞—É—Ä—Å–∞–∫–∏! –ó–∞—Ö–æ–¥–∏–º —Å—é–¥–∞ —Å–ø–µ—Ü–∏–∞–ª—å–Ω–æ –∑–∞ –Ω–∏–º–∏. –¶–µ–Ω—ã –≤—ã—à–µ —Å—Ä–µ–¥–Ω–µ–≥–æ, –Ω–æ –∫–∞—á–µ—Å—Ç–≤–æ —Å–æ–æ—Ç–≤–µ—Ç—Å—Ç–≤—É–µ—Ç.",5,2024-01-10,2026-01-21 21:53:00
Carefood,yandex,"–ú–∞–≥–∞–∑–∏–Ω –Ω–µ–ø–ª–æ—Ö–æ–π, –Ω–æ –æ—á–µ–Ω—å —á–∞—Å—Ç–æ –Ω–µ —Ä–∞–±–æ—Ç–∞—é—Ç —Å–∫–∞–Ω–µ—Ä—ã —Ü–µ–Ω –≤ –∑–∞–ª–µ. –ü—Ä–∏—Ö–æ–¥–∏—Ç—Å—è –∏–¥—Ç–∏ –Ω–∞ –∫–∞—Å—Å—É, —á—Ç–æ–±—ã —É–∑–Ω–∞—Ç—å —Å—Ç–æ–∏–º–æ—Å—Ç—å, —á—Ç–æ –∫—Ä–∞–π–Ω–µ –Ω–µ—É–¥–æ–±–Ω–æ.",3,2023-11-05,2026-01-21 21:53:00
Carefood,yandex,"–û–≥—Ä–æ–º–Ω—ã–π –≤—ã–±–æ—Ä –±—ã—Ç–æ–≤–æ–π —Ö–∏–º–∏–∏ –∏ —Ç–æ–≤–∞—Ä–æ–≤ –¥–ª—è –¥–æ–º–∞. –ù–∞—à–ª–∞ –∑–¥–µ—Å—å —è–ø–æ–Ω—Å–∫–∏–µ –ø–æ—Ä–æ—à–∫–∏, –∫–æ—Ç–æ—Ä—ã–µ —Ä–∞–Ω—å—à–µ –∑–∞–∫–∞–∑—ã–≤–∞–ª–∞ —Ç–æ–ª—å–∫–æ —á–µ—Ä–µ–∑ –∏–Ω—Ç–µ—Ä–Ω–µ—Ç.",5,2024-02-28,2026-01-21 21:53:00
Carefood,yandex,–¶–µ–Ω—ã –Ω–∞ —Ñ—Ä—É–∫—Ç—ã –∏ –æ–≤–æ—â–∏ —Å–∏–ª—å–Ω–æ –∑–∞–≤—ã—à–µ–Ω—ã. –í –æ—Å—Ç–∞–ª—å–Ω–æ–º ‚Äî –æ—Ç–ª–∏—á–Ω—ã–π –≥–∏–ø–µ—Ä–º–∞—Ä–∫–µ—Ç —Å –≤–µ–∂–ª–∏–≤—ã–º –ø–µ—Ä—Å–æ–Ω–∞–ª–æ–º –∏ –±—ã—Å—Ç—Ä—ã–º–∏ –∫–∞—Å—Å–∞–º–∏.,4,2023-09-17,2026-01-21 21:53:00
Carefood,yandex,"–õ—é–±–ª—é —ç—Ç–æ—Ç –º–∞–≥–∞–∑–∏–Ω –∑–∞ —á–∏—Å—Ç–æ—Ç—É –∏ –ø–æ—Ä—è–¥–æ–∫. –ü–æ–ª–∫–∏ –≤—Å–µ–≥–¥–∞ –ø–æ–ª–Ω—ã–µ, –ø—Ä–æ—Å—Ä–æ—á–∫–∞ –Ω–µ –ø–æ–ø–∞–¥–∞–ª–∞—Å—å –Ω–∏ —Ä–∞–∑—É –∑–∞ –≥–æ–¥ –ø–æ—Å–µ—â–µ–Ω–∏–π.",5,2024-05-12,2026-01-21 21:53:00
Carefood,yandex,"–í –æ—Ç–¥–µ–ª–µ –∫—É–ª–∏–Ω–∞—Ä–∏–∏ –∫—É–ø–∏–ª–∞ —Å–∞–ª–∞—Ç, –æ–∫–∞–∑–∞–ª—Å—è –Ω–µ—Å–≤–µ–∂–∏–º. –û—á–µ–Ω—å —Ä–∞–∑–æ—á–∞—Ä–æ–≤–∞–Ω–∞, —Ç–∞–∫ –∫–∞–∫ —Ä–∞–Ω—å—à–µ –¥–æ–≤–µ—Ä—è–ª–∞ –∫–∞—á–µ—Å—Ç–≤—É –≥–æ—Ç–æ–≤–æ–π –µ–¥—ã –≤ Carefood.",2,2023-08-30,2026-01-21 21:53:00
Carefood,yandex,"–°–∞–º—ã–π –ª—É—á—à–∏–π –º—è—Å–Ω–æ–π –æ—Ç–¥–µ–ª –≤ —ç—Ç–æ–º —Ä–∞–π–æ–Ω–µ. –ú—è—Å–æ –≤—Å–µ–≥–¥–∞ —Å–≤–µ–∂–µ–µ, —Ä—É–±—â–∏–∫–∏ –∞–∫–∫—É—Ä–∞—Ç–Ω—ã–µ, –º–æ–≥—É—Ç –ø–æ–¥–≥–æ—Ç–æ–≤–∏—Ç—å –ª—é–±–æ–π –∫—É—Å–æ–∫ –ø–æ –ø—Ä–æ—Å—å–±–µ.",5,2024-03-22,2026-01-21 21:53:00
Carefood,yandex,"–£–¥–æ–±–Ω–æ, —á—Ç–æ –º–∞–≥–∞–∑–∏–Ω –Ω–∞—Ö–æ–¥–∏—Ç—Å—è –≤–Ω—É—Ç—Ä–∏ –ì—Ä–∞–Ω–¥ –ü–∞—Ä–∫–∞. –ú–æ–∂–Ω–æ —Å–æ–≤–º–µ—Å—Ç–∏—Ç—å —à–æ–ø–∏–Ω–≥ —Å –ø–æ–∫—É–ø–∫–æ–π –ø—Ä–æ–¥—É–∫—Ç–æ–≤. –ê—Å—Å–æ—Ä—Ç–∏–º–µ–Ω—Ç –≤–ø–µ—á–∞—Ç–ª—è–µ—Ç.",5,2024-06-01,2026-01-21 21:53:00
Carefood,yandex,"–ü–µ—Ä—Å–æ–Ω–∞–ª –≤ –∑–∞–ª–µ –Ω–µ –≤—Å–µ–≥–¥–∞ –∑–Ω–∞–µ—Ç, –≥–¥–µ –ª–µ–∂–∏—Ç —Ç–æ–≤–∞—Ä. –ü—Ä–æ—Å–∏–ª–∞ –ø–æ–º–æ—á—å –Ω–∞–π—Ç–∏ —Å–æ–µ–≤–æ–µ –º–æ–ª–æ–∫–æ, –≤–æ–¥–∏–ª–∏ –ø–æ —Ç—Ä–µ–º —Ä–∞–∑–Ω—ã–º –æ—Ç–¥–µ–ª–∞–º.",3,2023-10-15,2026-01-21 21:53:00
Carefood,yandex,"–®–∏–∫–∞—Ä–Ω—ã–π –≤—ã–±–æ—Ä —á–∞—è –∏ –∫–æ—Ñ–µ. –ï—Å—Ç—å —Ä–µ–¥–∫–∏–µ —Å–æ—Ä—Ç–∞, –∫–æ—Ç–æ—Ä—ã–µ –æ—Ç–ª–∏—á–Ω–æ –ø–æ–¥—Ö–æ–¥—è—Ç –Ω–∞ –ø–æ–¥–∞—Ä–æ–∫. –¶–µ–Ω—ã –∞–¥–µ–∫–≤–∞—Ç–Ω—ã–µ –¥–ª—è —Ç–∞–∫–æ–≥–æ —É—Ä–æ–≤–Ω—è.",5,2024-01-25,2026-01-21 21:53:00
Carefood,yandex,"–ß–∞—Å—Ç–æ –±—ã–≤–∞—é—Ç –ø—Ä–æ–±–ª–µ–º—ã —Å –∏–Ω—Ç–µ—Ä–Ω–µ—Ç–æ–º –≤–Ω—É—Ç—Ä–∏ –º–∞–≥–∞–∑–∏–Ω–∞, –Ω–µ–≤–æ–∑–º–æ–∂–Ω–æ –∑–∞–π—Ç–∏ –≤ –±–∞–Ω–∫–æ–≤—Å–∫–æ–µ –ø—Ä–∏–ª–æ–∂–µ–Ω–∏–µ –¥–ª—è –æ–ø–ª–∞—Ç—ã. –°–¥–µ–ª–∞–π—Ç–µ —á—Ç–æ-–Ω–∏–±—É–¥—å —Å Wi-Fi.",3,2024-04-05,2026-01-21 21:53:00
Carefood,yandex,"–û—á–µ–Ω—å —Ä–∞–¥—É–µ—Ç –æ—Ç–¥–µ–ª –¥–ª—è –≤–µ–≥–∞–Ω–æ–≤. –ú–Ω–æ–≥–æ –≤–∏–¥–æ–≤ —Ç–æ—Ñ—É, —Ä–∞—Å—Ç–∏—Ç–µ–ª—å–Ω–æ–≥–æ –º—è—Å–∞ –∏ –ø–æ–ª–µ–∑–Ω—ã—Ö —Å–ª–∞–¥–æ—Å—Ç–µ–π –±–µ–∑ —Å–∞—Ö–∞—Ä–∞. –î–ª—è –ê–ª–º–∞—Ç—ã —ç—Ç–æ —Ä–µ–¥–∫–æ—Å—Ç—å.",5,2023-12-08,2026-01-21 21:53:00
Carefood,yandex,"–ú–∞–≥–∞–∑–∏–Ω —Å—Ç–∞–ª –¥–æ—Ä–æ–∂–µ, —á–µ–º –±—ã–ª –ø—Ä–∏ –æ—Ç–∫—Ä—ã—Ç–∏–∏. –ê–∫—Ü–∏–π –º–∞–ª–æ, –∞ –±–∞–∑–æ–≤—ã–µ –ø—Ä–æ–¥—É–∫—Ç—ã —Å—Ç–æ—è—Ç –Ω–∞ 15-20% –¥–æ—Ä–æ–∂–µ, —á–µ–º –≤ —Å–æ—Å–µ–¥–Ω–∏—Ö —Å—É–ø–µ—Ä–º–∞—Ä–∫–µ—Ç–∞—Ö.",3,2024-02-14,2026-01-21 21:53:00
Carefood,yandex,"–ü—Ä–µ–∫—Ä–∞—Å–Ω—ã–π –∏–Ω—Ç–µ—Ä—å–µ—Ä –∏ –æ—Å–≤–µ—â–µ–Ω–∏–µ. –í –º–∞–≥–∞–∑–∏–Ω–µ –ø—Ä–∏—è—Ç–Ω–æ –Ω–∞—Ö–æ–¥–∏—Ç—å—Å—è, –Ω–µ—Ç –æ—â—É—â–µ–Ω–∏—è —Å–∫–ª–∞–¥–∞. –ö–∞—Å—Å–∏—Ä—ã –≤—Å–µ–≥–¥–∞ –∑–¥–æ—Ä–æ–≤–∞—é—Ç—Å—è –∏ —Ä–∞–±–æ—Ç–∞—é—Ç –±—ã—Å—Ç—Ä–æ.",5,2024-05-20,2026-01-21 21:53:00
Carefood,yandex,"–ó–∞–∫–∞–∑—ã–≤–∞–ª–∞ –¥–æ—Å—Ç–∞–≤–∫—É —á–µ—Ä–µ–∑ –ø—Ä–∏–ª–æ–∂–µ–Ω–∏–µ. –ü—Ä–∏–≤–µ–∑–ª–∏ –≤—Å—ë –≤–æ–≤—Ä–µ–º—è, –ø–∞–∫–µ—Ç—ã –∞–∫–∫—É—Ä–∞—Ç–Ω–æ —É–ø–∞–∫–æ–≤–∞–Ω—ã, –æ–≤–æ—â–∏ –≤—ã–±—Ä–∞–ª–∏ –∫–∞–∫ –¥–ª—è —Å–µ–±—è. –°–ø–∞—Å–∏–±–æ!",5,2024-03-10,2026-01-21 21:53:00
Carefood,yandex,"–ù–µ –ø–æ–Ω—Ä–∞–≤–∏–ª—Å—è —Ä—ã–±–Ω—ã–π –æ—Ç–¥–µ–ª. –í—ã–±–æ—Ä –Ω–µ–±–æ–ª—å—à–æ–π, –∞ –∑–∞–ø–∞—Ö —Å—Ç–æ–∏—Ç —Ç–∞–∫–æ–π, —á—Ç–æ —Ö–æ—á–µ—Ç—Å—è –±—ã—Å—Ç—Ä–µ–µ —É–π—Ç–∏. –í –æ—Å—Ç–∞–ª—å–Ω–æ–º –ø—Ä–µ—Ç–µ–Ω–∑–∏–π –Ω–µ—Ç.",3,2023-11-28,2026-01-21 21:53:00
Carefood,yandex,"–û—Ç–ª–∏—á–Ω—ã–π –≤—ã–±–æ—Ä –¥–µ—Ç—Å–∫–æ–≥–æ –ø–∏—Ç–∞–Ω–∏—è. –ï—Å—Ç—å –¥–∞–∂–µ —Ç–µ –º–∞—Ä–∫–∏, –∫–æ—Ç–æ—Ä—ã–µ —Å–ª–æ–∂–Ω–æ –Ω–∞–π—Ç–∏ –≤ –∞–ø—Ç–µ–∫–∞—Ö. –ò –ø–æ–¥–≥—É–∑–Ω–∏–∫–∏ —á–∞—Å—Ç–æ –ø–æ —Ö–æ—Ä–æ—à–∏–º —Å–∫–∏–¥–∫–∞–º.",5,2024-06-15,2026-01-21 21:53:00
Carefood,yandex,"–ú–∞–≥–∞–∑–∏–Ω –æ–≥—Ä–æ–º–Ω—ã–π, –Ω–æ –Ω–∞–≤–∏–≥–∞—Ü–∏—è —Ö—Ä–æ–º–∞–µ—Ç. –ü–æ–≤–µ—Å—å—Ç–µ –ø–æ–±–æ–ª—å—à–µ —É–∫–∞–∑–∞—Ç–µ–ª–µ–π —Å–≤–µ—Ä—Ö—É, –∞ —Ç–æ –∫—Ä—É–∂–∏—à—å –ø–æ –∑–∞–ª—É –≤ –ø–æ–∏—Å–∫–∞—Ö –∫—Ä—É–ø.",4,2023-09-02,2026-01-21 21:53:00
Carefood,yandex,–°–∞–º—ã–µ –≤–∫—É—Å–Ω—ã–µ —Ç–æ—Ä—Ç—ã —Å–æ–±—Å—Ç–≤–µ–Ω–Ω–æ–≥–æ –ø—Ä–æ–∏–∑–≤–æ–¥—Å—Ç–≤–∞! –ù–∞ –∫–∞–∂–¥—ã–π –ø—Ä–∞–∑–¥–Ω–∏–∫ –±–µ—Ä–µ–º —Ç–æ–ª—å–∫–æ –∑–¥–µ—Å—å. –í—Å–µ–≥–¥–∞ –Ω–∞—Ç—É—Ä–∞–ª—å–Ω—ã–µ –∏–Ω–≥—Ä–µ–¥–∏–µ–Ω—Ç—ã.,5,2024-01-05,2026-01-21 21:53:00
Carefood,yandex,"–í—á–µ—Ä–∞ —Å—Ç–æ–ª–∫–Ω—É–ª–∞—Å—å —Å —Ö–∞–º—Å—Ç–≤–æ–º –æ—Ö—Ä–∞–Ω–Ω–∏–∫–∞ –Ω–∞ –≤—Ö–æ–¥–µ. –ù–∞—Å—Ç—Ä–æ–µ–Ω–∏–µ –±—ã–ª–æ –∏—Å–ø–æ—Ä—á–µ–Ω–æ –Ω–∞ –≤–µ—Å—å –≤–µ—á–µ—Ä. –ú–∞–≥–∞–∑–∏–Ω —Ö–æ—Ä–æ—à–∏–π, –Ω–æ –∫–∞–¥—Ä—ã –Ω—É–∂–Ω–æ –ø–æ–¥–±–∏—Ä–∞—Ç—å –ª—É—á—à–µ.",2,2024-05-27,2026-01-21 21:53:00
Carefood,yandex,"–û–≥—Ä–æ–º–Ω–æ–µ —Å–ø–∞—Å–∏–±–æ –∑–∞ –æ—Ç–¥–µ–ª –∑–¥–æ—Ä–æ–≤–æ–≥–æ –ø–∏—Ç–∞–Ω–∏—è! –ë–µ—Ä—É –∑–¥–µ—Å—å —Å–µ–º–µ–Ω–∞ —á–∏–∞, –∫–∏–Ω–æ–∞ –∏ –∞–º–∞—Ä–∞–Ω—Ç. –ö–∞—á–µ—Å—Ç–≤–æ –≤—Å–µ–≥–¥–∞ –Ω–∞ –≤—ã—Å–æ—Ç–µ.",5,2023-10-22,2026-01-21 21:53:00
Carefood,yandex,"–¶–µ–Ω—ã –Ω–∞ –∞–ª–∫–æ–≥–æ–ª—å –≤—ã—à–µ, —á–µ–º –≤ —Å–ø–µ—Ü–∏–∞–ª–∏–∑–∏—Ä–æ–≤–∞–Ω–Ω—ã—Ö –º–∞–≥–∞–∑–∏–Ω–∞—Ö, –Ω–æ –≤—ã–±–æ—Ä –≤–∏–Ω–∞ –æ—á–µ–Ω—å –¥–æ—Å—Ç–æ–π–Ω—ã–π. –ï—Å—Ç—å –∏–Ω—Ç–µ—Ä–µ—Å–Ω—ã–µ –ø–æ–∑–∏—Ü–∏–∏ –∏–∑ –ù–æ–≤–æ–≥–æ –°–≤–µ—Ç–∞.",4,2024-02-01,2026-01-21 21:53:00
Carefood,yandex,"–í –æ—Ç–¥–µ–ª–µ –∫—É–ª–∏–Ω–∞—Ä–∏–∏ –≤—Å–µ–≥–¥–∞ –æ—á–µ—Ä–µ–¥–∏. –ü—Ä–∏—Ö–æ–¥–∏—Ç—Å—è —Å—Ç–æ—è—Ç—å –ø–æ 15 –º–∏–Ω—É—Ç, —á—Ç–æ–±—ã –∫—É–ø–∏—Ç—å –ø—Ä–æ—Å—Ç–æ —Ö–ª–µ–±. –ù—É–∂–Ω–æ –±–æ–ª—å—à–µ –ø–µ—Ä—Å–æ–Ω–∞–ª–∞ –Ω–∞ —Ä–∞–∑–¥–∞—á—É.",3,2023-12-14,2026-01-21 21:53:00
Carefood,yandex,"–õ—é–±–ª—é Carefood –∑–∞ —É–Ω–∏–∫–∞–ª—å–Ω—ã–µ —Ç–æ–≤–∞—Ä—ã –∏–∑ –ï–≤—Ä–æ–ø—ã –∏ –ê–∑–∏–∏. –ó–¥–µ—Å—å –º–æ–∂–Ω–æ –Ω–∞–π—Ç–∏ —Ç–æ, —á—Ç–æ –ø—Ä–∏–≤–æ–∑–∏—à—å –æ–±—ã—á–Ω–æ –∏–∑ –æ—Ç–ø—É—Å–∫–∞.",5,2024-04-22,2026-01-21 21:53:00
Carefood,yandex,"–ú–∞–≥–∞–∑–∏–Ω —á–∏—Å—Ç—ã–π, –ø—Ä–æ—Ö–æ–¥—ã —à–∏—Ä–æ–∫–∏–µ, —Å –∫–æ–ª—è—Å–∫–æ–π –≥—É–ª—è—Ç—å –æ–¥–Ω–æ —É–¥–æ–≤–æ–ª—å—Å—Ç–≤–∏–µ. –ü–µ—Ä—Å–æ–Ω–∞–ª –≤–µ–∂–ª–∏–≤—ã–π –∏ –≤—Å–µ–≥–¥–∞ –ø–æ–º–æ–≥–∞–µ—Ç.",5,2023-11-10,2026-01-21 21:53:00
Carefood,yandex,"–ö—É–ø–∏–ª–∞ –º–æ–ª–æ–∫–æ, –¥–æ–º–∞ –æ—Ç–∫—Ä—ã–ª–∞ ‚Äî –æ–Ω–æ —Å–∫–∏—Å—à–µ–µ, —Ö–æ—Ç—è —Å—Ä–æ–∫ –≥–æ–¥–Ω–æ—Å—Ç–∏ –≤ –Ω–æ—Ä–º–µ. –í–∏–¥–∏–º–æ, –Ω–∞—Ä—É—à–µ–Ω—ã —É—Å–ª–æ–≤–∏—è —Ö—Ä–∞–Ω–µ–Ω–∏—è –≤ –º–∞–≥–∞–∑–∏–Ω–µ.",2,2024-03-05,2026-01-21 21:53:00
Carefood,yandex,–ë–æ–ª—å—à–æ–π –≤—ã–±–æ—Ä –ø–æ—Å—É–¥—ã –∏ –∫—É—Ö–æ–Ω–Ω–æ–π —É—Ç–≤–∞—Ä–∏. –ö—É–ø–∏–ª–∞ –∑–¥–µ—Å—å –æ—Ç–ª–∏—á–Ω—ã–π –Ω–∞–±–æ—Ä —Å–∫–æ–≤–æ—Ä–æ–¥–æ–∫ –ø–æ –∞–∫—Ü–∏–∏. –û—á–µ–Ω—å –¥–æ–≤–æ–ª—å–Ω–∞ –ø–æ–∫—É–ø–∫–æ–π.,5,2024-01-30,2026-01-21 21:53:00
Carefood,yandex,"–í –≤–µ—á–µ—Ä–Ω–µ–µ –≤—Ä–µ–º—è —Ä–∞–±–æ—Ç–∞–µ—Ç –º–∞–ª–æ –∫–∞—Å—Å, —Å–æ–±–∏—Ä–∞—é—Ç—Å—è –æ–≥—Ä–æ–º–Ω—ã–µ –æ—á–µ—Ä–µ–¥–∏. –ü—Ä–∏—Ö–æ–¥–∏—Ç—Å—è –∂–¥–∞—Ç—å –ø–æ–¥–æ–ª–≥—É, —á—Ç–æ —Å–º–∞–∑—ã–≤–∞–µ—Ç –æ–±—â–µ–µ –≤–ø–µ—á–∞—Ç–ª–µ–Ω–∏–µ.",3,2023-08-15,2026-01-21 21:53:00
Carefood,yandex,"–•–æ—Ä–æ—à–∏–π –º–∞–≥–∞–∑–∏–Ω, –≤—Å—ë —Å–≤–µ–∂–µ–µ. –¶–µ–Ω—ã –Ω–∞ –Ω–µ–∫–æ—Ç–æ—Ä—ã–µ –ø–æ–∑–∏—Ü–∏–∏ –∫—É—Å–∞—é—Ç—Å—è, –Ω–æ –∑–∞ –∫–∞—á–µ—Å—Ç–≤–æ –≥–æ—Ç–æ–≤ –ø–ª–∞—Ç–∏—Ç—å. –†–µ–∫–æ–º–µ–Ω–¥—É—é —ç—Ç–æ—Ç –≥–∏–ø–µ—Ä–º–∞—Ä–∫–µ—Ç.",5,2024-06-10,2026-01-21 21:53:00
Carefood,yandex,"–ü–æ—Å—Ç–æ—è–Ω–Ω–æ –ø–æ–∫—É–ø–∞–µ–º –∑–¥–µ—Å—å –∫–æ—Ä–º –¥–ª—è –∫–æ—à–µ–∫. –ê—Å—Å–æ—Ä—Ç–∏–º–µ–Ω—Ç –≤ –∑–æ–æ–æ—Ç–¥–µ–ª–µ –ª—É—á—à–µ, —á–µ–º –≤–æ –º–Ω–æ–≥–∏—Ö —Å–ø–µ—Ü–∏–∞–ª–∏–∑–∏—Ä–æ–≤–∞–Ω–Ω—ã—Ö –º–∞–≥–∞–∑–∏–Ω–∞—Ö –≥–æ—Ä–æ–¥–∞.",5,2023-12-29,2026-01-21 21:53:00
Carefood,yandex,"–ù–µ—É–¥–æ–±–Ω–æ, —á—Ç–æ –∫–∞—Å—Å—ã —Ç–æ–ª—å–∫–æ —Å –æ–¥–Ω–æ–π —Å—Ç–æ—Ä–æ–Ω—ã. –ï—Å–ª–∏ –∑–∞—à–µ–ª –∑–∞ –≤–æ–¥–æ–π –∏ —Ö–ª–µ–±–æ–º, –ø—Ä–∏—Ö–æ–¥–∏—Ç—Å—è –æ–±—Ö–æ–¥–∏—Ç—å –≤–µ—Å—å —ç—Ç–æ—Ç –ª–∞–±–∏—Ä–∏–Ω—Ç.",3,2024-02-20,2026-01-21 21:53:00
Carefood,yandex,"–û—Ç–ª–∏—á–Ω–∞—è –∫—É–ª–∏–Ω–∞—Ä–∏—è! –ü–ª–æ–≤ –∏ –º–∞–Ω—Ç—ã –ø—Ä–æ—Å—Ç–æ –∫–∞–∫ –¥–æ–º–∞—à–Ω–∏–µ. –ß–∞—Å—Ç–æ –±–µ—Ä–µ–º –Ω–∞ —É–∂–∏–Ω, –∫–æ–≥–¥–∞ –Ω–µ–∫–æ–≥–¥–∞ –≥–æ—Ç–æ–≤–∏—Ç—å.",5,2024-04-30,2026-01-21 21:53:00
Carefood,yandex,"–ú–∞–≥–∞–∑–∏–Ω –¥–ª—è —Ç–µ—Ö, –∫—Ç–æ —Ü–µ–Ω–∏—Ç –∫–∞—á–µ—Å—Ç–≤–æ –∏ –≥–æ—Ç–æ–≤ –∑–∞ –Ω–µ–≥–æ –ø–µ—Ä–µ–ø–ª–∞—á–∏–≤–∞—Ç—å. –í—ã–±–æ—Ä —Å—ã—Ä–æ–≤ –∏ –º—è—Å–Ω—ã—Ö –¥–µ–ª–∏–∫–∞—Ç–µ—Å–æ–≤ ‚Äî –ª—É—á—à–∏–π –≤ –≥–æ—Ä–æ–¥–µ.",5,2023-10-05,2026-01-21 21:53:00
Carefood,yandex,"–û—á–µ–Ω—å –º–Ω–æ–≥–æ –ª—é–¥–µ–π –≤ –≤—ã—Ö–æ–¥–Ω—ã–µ, —Å—É–µ—Ç–∞ –∏ —à—É–º. –°—Ç–∞—Ä–∞—é—Å—å –ø—Ä–∏—Ö–æ–¥–∏—Ç—å –≤ –±—É–¥–Ω–∏ —É—Ç—Ä–æ–º, —Ç–æ–≥–¥–∞ –ø–æ–∫—É–ø–∫–∏ –ø—Ä–æ—Ö–æ–¥—è—Ç –≤ —É–¥–æ–≤–æ–ª—å—Å—Ç–≤–∏–µ.",4,2024-01-18,2026-01-21 21:53:00
Carefood,yandex,"–ü—Ä–æ–¥–∞–≤—Ü—ã –≤ –æ—Ç–¥–µ–ª–µ –∫–æ—Å–º–µ—Ç–∏–∫–∏ –æ—á–µ–Ω—å –Ω–∞–≤—è–∑—á–∏–≤—ã–µ. –•–æ—Ç–µ–ª–∞ –ø—Ä–æ—Å—Ç–æ –ø–æ—Å–º–æ—Ç—Ä–µ—Ç—å –∫—Ä–µ–º, –≤ –∏—Ç–æ–≥–µ 10 –º–∏–Ω—É—Ç —Å–ª—É—à–∞–ª–∞ –ª–µ–∫—Ü–∏—é –æ –±—Ä–µ–Ω–¥–µ.",2,2023-09-25,2026-01-21 21:53:00
Carefood,yandex,"–í—Å–µ–≥–¥–∞ –Ω–∞—Ö–æ–∂—É –∑–¥–µ—Å—å —Å–≤–µ–∂—É—é –∑–µ–ª–µ–Ω—å: —Ä—É–∫–∫–æ–ª–∞, —à–ø–∏–Ω–∞—Ç, –±–∞–∑–∏–ª–∏–∫ ‚Äî –≤—Å—ë –≤ –æ—Ç–ª–∏—á–Ω–æ–º —Å–æ—Å—Ç–æ—è–Ω–∏–∏, –∞ –Ω–µ –∑–∞–≤—è–¥—à–µ–µ, –∫–∞–∫ –≤ –¥—Ä—É–≥–∏—Ö –º–µ—Å—Ç–∞—Ö.",5,2024-05-08,2026-01-21 21:53:00
Carefood,yandex,"–¶–µ–Ω—ã –Ω–∞ –∑–∞–º–æ—Ä–æ–∂–µ–Ω–Ω—ã–µ –ø—Ä–æ–¥—É–∫—Ç—ã –≤—ã—à–µ —Å—Ä–µ–¥–Ω–µ–≥–æ, –Ω–æ –≤—ã–±–æ—Ä —Ä—ã–±—ã –∏ –º–æ—Ä–µ–ø—Ä–æ–¥—É–∫—Ç–æ–≤ –¥–µ–π—Å—Ç–≤–∏—Ç–µ–ª—å–Ω–æ –≤–ø–µ—á–∞—Ç–ª—è–µ—Ç.",4,2024-03-15,2026-01-21 21:53:00
Carefood,yandex,"–ú–∞–≥–∞–∑–∏–Ω –æ—Ç–ª–∏—á–Ω—ã–π, –Ω–æ —Å–∏—Å—Ç–µ–º–∞ –±–æ–Ω—É—Å–æ–≤ –Ω–µ–ø–æ–Ω—è—Ç–Ω–∞—è. –ö–æ–ø–∏—à—å –∏—Ö, –∞ —Å–ø–∏—Å–∞—Ç—å –º–æ–∂–Ω–æ —Ç–æ–ª—å–∫–æ –Ω–∞ –æ–ø—Ä–µ–¥–µ–ª–µ–Ω–Ω—ã–µ —Ç–æ–≤–∞—Ä—ã.",3,2023-11-20,2026-01-21 21:53:00
Carefood,yandex,"–û–≥—Ä–æ–º–Ω—ã–π –≤—ã–±–æ—Ä –∫–æ—Å–º–µ—Ç–∏–∫–∏ –∏ –ø–∞—Ä—Ñ—é–º–µ—Ä–∏–∏. –ù–∞—à–ª–∞ –∑–¥–µ—Å—å —Å–≤–æ–π –ª—é–±–∏–º—ã–π –∫–æ—Ä–µ–π—Å–∫–∏–π –±—Ä–µ–Ω–¥, –∫–æ—Ç–æ—Ä—ã–π –æ–±—ã—á–Ω–æ –∑–∞–∫–∞–∑—ã–≤–∞—é –æ–Ω–ª–∞–π–Ω.",5,2024-02-12,2026-01-21 21:53:00
Carefood,yandex,–í –º–∞–≥–∞–∑–∏–Ω–µ –≤—Å–µ–≥–¥–∞ –∫–æ–º—Ñ–æ—Ä—Ç–Ω–∞—è —Ç–µ–º–ø–µ—Ä–∞—Ç—É—Ä–∞ ‚Äî –Ω–µ —Å–ª–∏—à–∫–æ–º —Ö–æ–ª–æ–¥–Ω–æ –ª–µ—Ç–æ–º –∏ —Ç–µ–ø–ª–æ –∑–∏–º–æ–π. –ü—Ä–∏—è—Ç–Ω–æ —Å–æ–≤–µ—Ä—à–∞—Ç—å –ø–æ–∫—É–ø–∫–∏.,5,2024-06-25,2026-01-21 21:53:00
Carefood,yandex,"–ö—É–ø–∏–ª–∏ –∞—Ä–±—É–∑, –æ–∫–∞–∑–∞–ª—Å—è –≥–Ω–∏–ª—ã–º –≤–Ω—É—Ç—Ä–∏. –ü—Ä–∏–Ω–µ—Å–ª–∏ –æ–±—Ä–∞—Ç–Ω–æ ‚Äî –¥–µ–Ω—å–≥–∏ –≤–µ—Ä–Ω—É–ª–∏ –±–µ–∑ –ª–∏—à–Ω–∏—Ö –≤–æ–ø—Ä–æ—Å–æ–≤, —á—Ç–æ —Ä–∞–¥—É–µ—Ç. –°–µ—Ä–≤–∏—Å –Ω–∞ —É—Ä–æ–≤–Ω–µ.",4,2023-08-20,2026-01-21 21:53:00
Carefood,yandex,"–õ—É—á—à–∏–π –≤—ã–±–æ—Ä –æ—Ä–µ—Ö–æ–≤ –∏ —Å—É—Ö–æ—Ñ—Ä—É–∫—Ç–æ–≤. –í—Å—ë —á–∏—Å—Ç–æ–µ, –∞–∫–∫—É—Ä–∞—Ç–Ω–æ —Ä–∞—Å—Ñ–∞—Å–æ–≤–∞–Ω–æ, –Ω–µ—Ç –ø—ã–ª–∏ –∏ –º—É—Å–æ—Ä–∞ –≤ —É–ø–∞–∫–æ–≤–∫–∞—Ö.",5,2024-01-22,2026-01-21 21:53:00
Carefood,yandex,"–ö–∞—Å—Å—ã —Å–∞–º–æ–æ–±—Å–ª—É–∂–∏–≤–∞–Ω–∏—è —á–∞—Å—Ç–æ –≥–ª—é—á–∞—Ç, –ø—Ä–∏—Ö–æ–¥–∏—Ç—Å—è –∑–≤–∞—Ç—å –ø–æ–º–æ—â–Ω–∏–∫–∞. –¢–µ—Ä—è–µ—Ç—Å—è –≤–µ—Å—å —Å–º—ã—Å–ª –±—ã—Å—Ç—Ä–æ–≥–æ –ø—Ä–æ—Ö–æ–¥–∞.",3,2024-04-10,2026-01-21 21:53:00
Carefood,yandex,–û–±–æ–∂–∞—é –æ—Ç–¥–µ–ª —Å —Ü–≤–µ—Ç–∞–º–∏! –í—Å–µ–≥–¥–∞ —Å–≤–µ–∂–∏–µ –±—É–∫–µ—Ç—ã –∏ –æ—á–µ–Ω—å –∫—Ä–∞—Å–∏–≤—ã–µ –∫–æ–º–Ω–∞—Ç–Ω—ã–µ —Ä–∞—Å—Ç–µ–Ω–∏—è. –ö—É–ø–∏–ª–∞ –∑–¥–µ—Å—å –æ—Ç–ª–∏—á–Ω—É—é –æ—Ä—Ö–∏–¥–µ—é.,5,2023-12-05,2026-01-21 21:53:00
Carefood,yandex,"–ú–∞–≥–∞–∑–∏–Ω —Ö–æ—Ä–æ—à–∏–π, –Ω–æ —Ü–µ–Ω—ã –Ω–∞ –æ–±—ã—á–Ω—É—é –≤–æ–¥—É –≤ –¥–≤–∞ —Ä–∞–∑–∞ –≤—ã—à–µ, —á–µ–º –Ω–∞ —É–ª–∏—Ü–µ. –≠—Ç–æ –ø–µ—Ä–µ–±–æ—Ä, —è —Å—á–∏—Ç–∞—é.",2,2024-05-15,2026-01-21 21:53:00
Carefood,yandex,–ë–æ–ª—å—à–æ–π –≤—ã–±–æ—Ä —Å–æ—É—Å–æ–≤ –∏ –ø—Ä–∏–ø—Ä–∞–≤ —Å–æ –≤—Å–µ–≥–æ –º–∏—Ä–∞. –ù–∞—à–ª–∞ –¥–∞–∂–µ –Ω–∞—Å—Ç–æ—è—â—É—é –ø–∞—Å—Ç—É –∫–∞—Ä—Ä–∏. –¢–µ–ø–µ—Ä—å –∑–∞ —Å–ø–µ—Ü–∏—è–º–∏ —Ç–æ–ª—å–∫–æ —Å—é–¥–∞.,5,2024-03-28,2026-01-21 21:53:00
Carefood,yandex,"–í –æ—Ç–¥–µ–ª–µ –≤—ã–ø–µ—á–∫–∏ —Ä–∞–±–æ—Ç–∞—é—Ç –æ—á–µ–Ω—å –º–∏–ª—ã–µ –∂–µ–Ω—â–∏–Ω—ã. –í—Å–µ–≥–¥–∞ –ø–æ—Å–æ–≤–µ—Ç—É—é—Ç, —á—Ç–æ —Å–∞–º–æ–µ —Å–≤–µ–∂–µ–µ –∏ –≤–∫—É—Å–Ω–æ–µ —Å–µ–≥–æ–¥–Ω—è.",5,2023-11-12,2026-01-21 21:53:00
Carefood,yandex,"–ú–∞–≥–∞–∑–∏–Ω –æ–≥—Ä–æ–º–Ω—ã–π, –Ω–æ–≥–∏ —É—Å—Ç–∞—é—Ç –µ–≥–æ –æ–±—Ö–æ–¥–∏—Ç—å. –ù–æ –∑–∞—Ç–æ –∞—Å—Å–æ—Ä—Ç–∏–º–µ–Ω—Ç —Ç–∞–∫–æ–π, —á—Ç–æ —Ç–æ—á–Ω–æ –Ω–∞–π–¥–µ—à—å –≤—Å—ë –ø–æ —Å–ø–∏—Å–∫—É.",4,2024-02-05,2026-01-21 21:53:00
Carefood,yandex,"–û—á–µ–Ω—å –Ω—Ä–∞–≤–∏—Ç—Å—è —Ä–∞–∑–¥–µ–ª —Å –≥–æ—Ç–æ–≤—ã–º–∏ –∑–∞–≤—Ç—Ä–∞–∫–∞–º–∏ –∏ –º—é—Å–ª–∏. –ú–Ω–æ–≥–æ –≤–∞—Ä–∏–∞–Ω—Ç–æ–≤ –±–µ–∑ —Å–∞—Ö–∞—Ä–∞ –∏ –≥–ª—é—Ç–µ–Ω–∞. –ó–¥–æ—Ä–æ–≤–æ, —á—Ç–æ –¥—É–º–∞–µ—Ç–µ –æ –ø–æ–∫—É–ø–∞—Ç–µ–ª—è—Ö.",5,2024-06-05,2026-01-21 21:53:00
Carefood,yandex,"–¶–µ–Ω–Ω–∏–∫–∏ –∏–Ω–æ–≥–¥–∞ –Ω–µ —Å–æ–æ—Ç–≤–µ—Ç—Å—Ç–≤—É—é—Ç —Ä–µ–∞–ª—å–Ω–æ—Å—Ç–∏. –ù–∞ –ø–æ–ª–∫–µ –æ–¥–Ω–∞ —Ü–µ–Ω–∞, –Ω–∞ –∫–∞—Å—Å–µ ‚Äî –¥—Ä—É–≥–∞—è. –ë—É–¥—å—Ç–µ –≤–Ω–∏–º–∞—Ç–µ–ª—å–Ω—ã –ø—Ä–∏ –ø—Ä–æ–≤–µ—Ä–∫–µ —á–µ–∫–∞.",2,2023-09-10,2026-01-21 21:53:00
Carefood,yandex,"–û—Ç–ª–∏—á–Ω—ã–π –≤—ã–±–æ—Ä –º–∞—Å–ª–∞: –æ–ª–∏–≤–∫–æ–≤–æ–µ, –ª—å–Ω—è–Ω–æ–µ, –∫–æ–∫–æ—Å–æ–≤–æ–µ ‚Äî –Ω–∞ –ª—é–±–æ–π –≤–∫—É—Å –∏ –∫–æ—à–µ–ª–µ–∫. –ö–∞—á–µ—Å—Ç–≤–æ –ø—Ä–æ–¥—É–∫—Ü–∏–∏ —Ä–∞–¥—É–µ—Ç.",5,2024-01-15,2026-01-21 21:53:00
Carefood,yandex,"–í –º–∞–≥–∞–∑–∏–Ω–µ —á–∏—Å—Ç–æ, –Ω–æ –≤ —Ç—É–∞–ª–µ—Ç–∞—Ö –¢–†–¶ —Ä—è–¥–æ–º —Å –≥–∏–ø–µ—Ä–º–∞—Ä–∫–µ—Ç–æ–º —á–∞—Å—Ç–æ –≥—Ä—è–∑–Ω–æ. –°–∞–º Carefood –≤–Ω—É—Ç—Ä–∏ –∏–¥–µ–∞–ª–µ–Ω.",4,2024-05-02,2026-01-21 21:53:00
Carefood,yandex,–ü–æ–∫—É–ø–∞–µ–º –∑–¥–µ—Å—å —Å–≤–µ–∂—É—é —Ä—ã–±—É –∫–∞–∂–¥—É—é –Ω–µ–¥–µ–ª—é. –í—Å–µ–≥–¥–∞ —Ö–æ—Ä–æ—à–∏–π –≤—ã–±–æ—Ä —Å–∏–±–∞—Å–∞ –∏ –¥–æ—Ä–∞–¥–æ. –ü—Ä–æ–¥–∞–≤—Ü—ã —á–∏—Å—Ç—è—Ç —Ä—ã–±—É –Ω–∞ –º–µ—Å—Ç–µ –±–µ—Å–ø–ª–∞—Ç–Ω–æ.,5,2023-12-18,2026-01-21 21:53:00
Carefood,yandex,"–ú–∞–ª–æ –∫–æ—Ä–∑–∏–Ω–æ–∫ –¥–ª—è –ø–æ–∫—É–ø–æ–∫ –Ω–∞ –≤—Ö–æ–¥–µ. –ü—Ä–∏—Ö–æ–¥–∏—Ç—Å—è –±—Ä–∞—Ç—å –æ–≥—Ä–æ–º–Ω—É—é —Ç–µ–ª–µ–∂–∫—É, –¥–∞–∂–µ –µ—Å–ª–∏ –∑–∞—à–µ–ª –∑–∞ –ø–∞—á–∫–æ–π –ø–µ—á–µ–Ω—å—è.",3,2024-04-18,2026-01-21 21:53:00
Carefood,yandex,–°–∞–º—ã–π –≤–∫—É—Å–Ω—ã–π —Ö–ª–µ–± –≤ –≥–æ—Ä–æ–¥–µ! –û—Å–æ–±–µ–Ω–Ω–æ –±–µ–∑–¥—Ä–æ–∂–∂–µ–≤–æ–π –∏ —Å —Å–µ–º–µ—á–∫–∞–º–∏. –°–ø–∞—Å–∏–±–æ –ø–µ–∫–∞—Ä—è–º –∑–∞ –∏—Ö —Ç—Ä—É–¥.,5,2024-03-01,2026-01-21 21:53:00
Carefood,yandex,"–£–¥–æ–±–Ω–∞—è –±–æ–Ω—É—Å–Ω–∞—è –ø—Ä–æ–≥—Ä–∞–º–º–∞. –ß–∞—Å—Ç–æ –ø—Ä–∏—Ö–æ–¥—è—Ç —É–≤–µ–¥–æ–º–ª–µ–Ω–∏—è –æ –ø–µ—Ä—Å–æ–Ω–∞–ª—å–Ω—ã—Ö —Å–∫–∏–¥–∫–∞—Ö –Ω–∞ –ª—é–±–∏–º—ã–µ —Ç–æ–≤–∞—Ä—ã. –ú–µ–ª–æ—á—å, –∞ –ø—Ä–∏—è—Ç–Ω–æ.",5,2023-11-25,2026-01-21 21:53:00
Carefood,yandex,"–¶–µ–Ω—ã –Ω–∞ —è–π—Ü–∞ –∏ –º–æ–ª–æ–∫–æ –≤—ã—à–µ, —á–µ–º –≤ –ú–∞–≥–Ω—É–º–µ. –ï—Å–ª–∏ –Ω—É–∂–Ω–æ —Å—ç–∫–æ–Ω–æ–º–∏—Ç—å, —Ç–æ –ª—É—á—à–µ –∏–¥—Ç–∏ –≤ –¥—Ä—É–≥–∏–µ —Å–µ—Ç–∏.",3,2024-02-25,2026-01-21 21:53:00
Carefood,yandex,"–û—á–µ–Ω—å –≤–µ–∂–ª–∏–≤—ã–µ –æ—Ö—Ä–∞–Ω–Ω–∏–∫–∏, –≤—Å–µ–≥–¥–∞ –ø–æ–º–æ–≥—É—Ç —Å —Ç–µ–ª–µ–∂–∫–æ–π –∏–ª–∏ –ø–æ–¥—Å–∫–∞–∂—É—Ç, –≥–¥–µ –Ω–∞—Ö–æ–¥–∏—Ç—Å—è –Ω—É–∂–Ω—ã–π –æ—Ç–¥–µ–ª. –†–µ–¥–∫–∏–π —Å–µ—Ä–≤–∏—Å.",5,2024-06-18,2026-01-21 21:53:00
Carefood,yandex,"–í –æ—Ç–¥–µ–ª–µ –∑–∞–º–æ—Ä–æ–∑–∫–∏ —á–∞—Å—Ç–æ –ª–µ–∂–∏—Ç —Å–Ω–µ–≥ –Ω–∞ —É–ø–∞–∫–æ–≤–∫–∞—Ö. –í–∏–¥–∏–º–æ, —Ö–æ–ª–æ–¥–∏–ª—å–Ω–∏–∫–∏ —Ä–∞–±–æ—Ç–∞—é—Ç –Ω–µ–ø—Ä–∞–≤–∏–ª—å–Ω–æ –∏–ª–∏ –∏—Ö –¥–æ–ª–≥–æ –Ω–µ —á–∏—Å—Ç–∏–ª–∏.",2,2023-08-28,2026-01-21 21:53:00
Carefood,yandex,"–û–≥—Ä–æ–º–Ω—ã–π –≤—ã–±–æ—Ä –º–∞–∫–∞—Ä–æ–Ω–Ω—ã—Ö –∏–∑–¥–µ–ª–∏–π –∏–∑ –ò—Ç–∞–ª–∏–∏. –í–∫—É—Å —Å–æ–≤—Å–µ–º –¥—Ä—É–≥–æ–π, —á–µ–º —É –Ω–∞—à–∏—Ö –º–µ—Å—Ç–Ω—ã—Ö. –°–æ–≤–µ—Ç—É—é –ø–æ–ø—Ä–æ–±–æ–≤–∞—Ç—å.",5,2024-01-12,2026-01-21 21:53:00
Carefood,yandex,–ú–∞–≥–∞–∑–∏–Ω –¥–ª—è –≥—É—Ä–º–∞–Ω–æ–≤. –ù–∞—à–ª–∞ –∑–¥–µ—Å—å —Ç—Ä—é—Ñ–µ–ª—å–Ω–æ–µ –º–∞—Å–ª–æ –∏ –∫–∞–ø–µ—Ä—Å—ã –ø–æ –Ω–æ—Ä–º–∞–ª—å–Ω–æ–π —Ü–µ–Ω–µ. –ê—Å—Å–æ—Ä—Ç–∏–º–µ–Ω—Ç ‚Äî —Å—É–ø–µ—Ä!,5,2024-05-10,2026-01-21 21:53:00
Carefood,yandex,"–ü–∞—Ä–∫–æ–≤–∫–∞ –ø–ª–∞—Ç–Ω–∞—è, —á—Ç–æ –Ω–µ–º–Ω–æ–≥–æ —Ä–∞–∑–¥—Ä–∞–∂–∞–µ—Ç, –µ—Å–ª–∏ –∑–∞—Å–∫–æ—á–∏–ª –Ω–∞ 5 –º–∏–Ω—É—Ç. –°–∞–º –º–∞–≥–∞–∑–∏–Ω –æ—Ç–ª–∏—á–Ω—ã–π, –≤–æ–ø—Ä–æ—Å–æ–≤ –Ω–µ—Ç.",4,2023-10-30,2026-01-21 21:53:00
Carefood,yandex,"–ß–∞—Å—Ç–æ –ø–æ–∫—É–ø–∞–µ–º –∑–¥–µ—Å—å –º—è—Å–æ –Ω–∞ —à–∞—à–ª—ã–∫. –ú–∞—Ä–∏–Ω–∞–¥ –≤—Å–µ–≥–¥–∞ –≤–∫—É—Å–Ω—ã–π, –º—è—Å–æ –º—è–≥–∫–æ–µ –∏ —Å–≤–µ–∂–µ–µ. –î—Ä—É–∑—å—è –≤—Å–µ–≥–¥–∞ —Å–ø—Ä–∞—à–∏–≤–∞—é—Ç, –≥–¥–µ –±—Ä–∞–ª–∏.",5,2024-04-25,2026-01-21 21:53:00
Carefood,yandex,–í –º–∞–≥–∞–∑–∏–Ω–µ –æ—á–µ–Ω—å —à—É–º–Ω–æ –∏–∑-–∑–∞ –ø–æ—Å—Ç–æ—è–Ω–Ω–æ–π —Ä–µ–∫–ª–∞–º—ã –ø–æ –≥—Ä–æ–º–∫–æ–≥–æ–≤–æ—Ä–∏—Ç–µ–ª—é. –ì–æ–ª–æ–≤–∞ –Ω–∞—á–∏–Ω–∞–µ—Ç –±–æ–ª–µ—Ç—å —á–µ—Ä–µ–∑ 15 –º–∏–Ω—É—Ç.,2,2023-12-10,2026-01-21 21:53:00
Carefood,yandex,–õ—É—á—à–µ–µ –º–µ—Å—Ç–æ –¥–ª—è –ø–æ–∫—É–ø–∫–∏ –ø–æ–¥–∞—Ä–∫–æ–≤ –≤ –ø–æ—Å–ª–µ–¥–Ω–∏–π –º–æ–º–µ–Ω—Ç. –í—Å–µ–≥–¥–∞ –º–æ–∂–Ω–æ —Å–æ–±—Ä–∞—Ç—å –∫–æ—Ä–∑–∏–Ω—É –∏–∑ –¥–µ–ª–∏–∫–∞—Ç–µ—Å–æ–≤ –∏–ª–∏ –∫—É–ø–∏—Ç—å —Ö–æ—Ä–æ—à–∏–π –Ω–∞–±–æ—Ä –∫–æ—Å–º–µ—Ç–∏–∫–∏.,5,2024-03-20,2026-01-21 21:53:00
Carefood,yandex,"–¶–µ–Ω—ã –∫—É—Å–∞—é—Ç—Å—è, –Ω–æ –∑–∞—Ç–æ –∑–¥–µ—Å—å –Ω–µ—Ç —Ç–æ–ª–∫—É—á–∫–∏ –∏ –æ—á–µ—Ä–µ–¥–µ–π, –∫–∞–∫ –≤ –±–æ–ª–µ–µ –¥–µ—à–µ–≤—ã—Ö –º–∞–≥–∞–∑–∏–Ω–∞—Ö. –ö–æ–º—Ñ–æ—Ä—Ç —Å—Ç–æ–∏—Ç –¥–µ–Ω–µ–≥.",4,2023-11-02,2026-01-21 21:53:00
Carefood,yandex,"–û–≥—Ä–æ–º–Ω—ã–π –≤—ã–±–æ—Ä —Å–æ–∫–æ–≤ –∏ –Ω–∞–ø–∏—Ç–∫–æ–≤. –ù–∞—à–ª–∞ —Ä–µ–¥–∫–∏–µ –≤–∫—É—Å—ã, –∫–æ—Ç–æ—Ä—ã–µ —Ä–∞–Ω—å—à–µ –≤–∏–¥–µ–ª–∞ —Ç–æ–ª—å–∫–æ –∑–∞ –≥—Ä–∞–Ω–∏—Ü–µ–π. –ó–¥–æ—Ä–æ–≤–æ!",5,2024-02-08,2026-01-21 21:53:00
Carefood,yandex,"–ú–∞–≥–∞–∑–∏–Ω –Ω–µ–ø–ª–æ—Ö–æ–π, –Ω–æ –æ–≤–æ—â–∏ —á–∞—Å—Ç–æ –ª–µ–∂–∞—Ç –≤—è–ª—ã–µ. –û—Å–æ–±–µ–Ω–Ω–æ —ç—Ç–æ –∫–∞—Å–∞–µ—Ç—Å—è –æ–≥—É—Ä—Ü–æ–≤ –∏ –ø–æ–º–∏–¥–æ—Ä–æ–≤. –ù—É–∂–Ω–æ –ª—É—á—à–µ —Å–ª–µ–¥–∏—Ç—å –∑–∞ –≤–∏—Ç—Ä–∏–Ω–æ–π.",3,2024-06-22,2026-01-21 21:53:00
Carefood,yandex,"–ü—Ä–µ–∫—Ä–∞—Å–Ω—ã–π –≤—ã–±–æ—Ä —Å—ã—Ä–æ–≤. –ï—Å—Ç—å –∏ –º—è–≥–∫–∏–µ, –∏ —Ç–≤–µ—Ä–¥—ã–µ, –∏ —Å –ø–ª–µ—Å–µ–Ω—å—é. –ü—Ä–æ–¥–∞–≤—Ü—ã –¥–∞—é—Ç –ø—Ä–æ–±–æ–≤–∞—Ç—å, –µ—Å–ª–∏ –ø–æ–ø—Ä–æ—Å–∏—à—å.",5,2023-09-05,2026-01-21 21:53:00
Carefood,yandex,"–£–¥–æ–±–Ω–æ–µ —Ä–∞—Å–ø–æ–ª–æ–∂–µ–Ω–∏–µ –≤ –ì—Ä–∞–Ω–¥ –ü–∞—Ä–∫–µ. –ü–æ—Å–ª–µ –∫–∏–Ω–æ –≤—Å–µ–≥–¥–∞ –∑–∞—Ö–æ–¥–∏–º –∑–∞ –ø—Ä–æ–¥—É–∫—Ç–∞–º–∏. –í—Å—ë —É—Å—Ç—Ä–∞–∏–≤–∞–µ—Ç, —Ä–µ–∫–æ–º–µ–Ω–¥—É—é.",5,2024-01-28,2026-01-21 21:53:00
Carefood,yandex,"–ù–µ –ø–æ–Ω—Ä–∞–≤–∏–ª–∞—Å—å —Ä–∞–±–æ—Ç–∞ –∫–∞—Å—Å–∏—Ä–∞ ‚Äî —à–≤—ã—Ä—è–ª–∞ –ø—Ä–æ–¥—É–∫—Ç—ã –≤ –ø–∞–∫–µ—Ç, –≤ –∏—Ç–æ–≥–µ –ø–æ–º—è–ª–∞ —Ö–ª–µ–±. –ù—É–∂–Ω–æ –±–µ—Ä–µ–∂–Ω–µ–µ –æ—Ç–Ω–æ—Å–∏—Ç—å—Å—è –∫ —á—É–∂–∏–º –ø–æ–∫—É–ø–∫–∞–º.",2,2024-05-18,2026-01-21 21:53:00
Carefood,yandex,"–®–∏–∫–∞—Ä–Ω—ã–π –æ—Ç–¥–µ–ª —Å –≥–æ—Ç–æ–≤–æ–π –µ–¥–æ–π. –í—Å–µ–≥–¥–∞ —Å–≤–µ–∂–µ–µ, –≤—ã–±–æ—Ä –±–ª—é–¥ –æ–≥—Ä–æ–º–Ω—ã–π: –æ—Ç —Å—É–ø–æ–≤ –¥–æ –¥–µ—Å–µ—Ä—Ç–æ–≤. –û—á–µ–Ω—å –≤—ã—Ä—É—á–∞–µ—Ç.",5,2024-03-12,2026-01-21 21:53:00
Carefood,yandex,"–ú–∞–≥–∞–∑–∏–Ω –æ—á–µ–Ω—å –±–æ–ª—å—à–æ–π, –ª–µ–≥–∫–æ –∑–∞–±–ª—É–¥–∏—Ç—å—Å—è. –ù–æ —Å–æ—Ç—Ä—É–¥–Ω–∏–∫–∏ –≤—Å–µ–≥–¥–∞ –≥–æ—Ç–æ–≤—ã –ø–æ–¥—Å–∫–∞–∑–∞—Ç—å –¥–æ—Ä–æ–≥—É –∫ –Ω—É–∂–Ω–æ–º—É –æ—Ç–¥–µ–ª—É.",4,2023-12-25,2026-01-21 21:53:00
Carefood,yandex,–û–±–æ–∂–∞—é –º–µ—Å—Ç–Ω—É—é –∫–æ–Ω–¥–∏—Ç–µ—Ä—Å–∫—É—é! –ú–∞–∫–∞—Ä—É–Ω—ã –∑–¥–µ—Å—å –ø–æ—á—Ç–∏ –∫–∞–∫ –≤ –ü–∞—Ä–∏–∂–µ. –û—á–µ–Ω—å –Ω–µ–∂–Ω—ã–µ –∏ –≤–∫—É—Å–Ω—ã–µ.,5,2024-02-18,2026-01-21 21:53:00
Carefood,yandex,"–ú–∞–ª–æ –∫–∞—Å—Å —Ä–∞–±–æ—Ç–∞–µ—Ç –≤ —É—Ç—Ä–µ–Ω–Ω–∏–µ —á–∞—Å—ã. –ü—Ä–∏—Ö–æ–¥–∏—Ç—Å—è –∂–¥–∞—Ç—å, –ø–æ–∫–∞ –∫–∞—Å—Å–∏—Ä –ø—Ä–∏–¥–µ—Ç –Ω–∞ –º–µ—Å—Ç–æ. –ù–µ –æ—á–µ–Ω—å –æ–ø–µ—Ä–∞—Ç–∏–≤–Ω–æ.",3,2024-06-08,2026-01-21 21:53:00
Carefood,yandex,"–û—Ç–ª–∏—á–Ω—ã–π –≤—ã–±–æ—Ä –±—ã—Ç–æ–≤–æ–π —Ö–∏–º–∏–∏, –µ—Å—Ç—å —ç–∫–æ-–±—Ä–µ–Ω–¥—ã, –∫–æ—Ç–æ—Ä—ã–µ –Ω–µ –≤—Ä–µ–¥—è—Ç –ø—Ä–∏—Ä–æ–¥–µ. –î–ª—è –º–µ–Ω—è —ç—Ç–æ –≤–∞–∂–Ω–æ.",5,2023-10-12,2026-01-21 21:53:00
Carefood,yandex,–¶–µ–Ω—ã –Ω–∞ –∏–º–ø–æ—Ä—Ç–Ω—ã–µ —Ç–æ–≤–∞—Ä—ã —Å–∏–ª—å–Ω–æ –≤—ã—Ä–æ—Å–ª–∏ –∑–∞ –ø–æ—Å–ª–µ–¥–Ω–∏–π –º–µ—Å—è—Ü. –°–∫–æ—Ä–æ Carefood —Å—Ç–∞–Ω–µ—Ç –º–∞–≥–∞–∑–∏–Ω–æ–º —Ç–æ–ª—å–∫–æ –¥–ª—è —ç–ª–∏—Ç—ã.,3,2024-04-02,2026-01-21 21:53:00
Carefood,yandex,"–í –º–∞–≥–∞–∑–∏–Ω–µ –≤—Å–µ–≥–¥–∞ –æ—á–µ–Ω—å —Å–≤–µ—Ç–ª–æ –∏ —á–∏—Å—Ç–æ. –ü–æ–ª—ã –º–æ—é—Ç –ø–æ—Å—Ç–æ—è–Ω–Ω–æ, –≤–∏—Ç—Ä–∏–Ω—ã –±–ª–µ—Å—Ç—è—Ç. –ü—Ä–∏—è—Ç–Ω–æ –ø–æ–∫—É–ø–∞—Ç—å –ø—Ä–æ–¥—É–∫—Ç—ã –≤ —Ç–∞–∫–æ–π –æ–±—Å—Ç–∞–Ω–æ–≤–∫–µ.",5,2024-03-05,2026-01-21 21:53:00
Carefood,yandex,"–ö—É–ø–∏–ª–∞ –∑–¥–µ—Å—å –æ—á–µ–Ω—å –≤–∫—É—Å–Ω—ã–µ –∫—Ä–µ–≤–µ—Ç–∫–∏ –ø–æ –∞–∫—Ü–∏–∏. –ö–∞—á–µ—Å—Ç–≤–æ –æ—Ç–ª–∏—á–Ω–æ–µ, –ª—å–¥–∞ –ø–æ—á—Ç–∏ –Ω–µ –±—ã–ª–æ. –ë—É–¥—É –±—Ä–∞—Ç—å –µ—â–µ.",5,2023-11-28,2026-01-21 21:53:00
Carefood,yandex,"–ü–µ—Ä—Å–æ–Ω–∞–ª –≤ –∑–∞–ª–µ –∏–Ω–æ–≥–¥–∞ –∏–≥–Ω–æ—Ä–∏—Ä—É–µ—Ç –≤–æ–ø—Ä–æ—Å—ã –ø–æ–∫—É–ø–∞—Ç–µ–ª–µ–π. –°—Ç–æ—è–ª–∞ –ø—è—Ç—å –º–∏–Ω—É—Ç –∂–¥–∞–ª–∞, –ø–æ–∫–∞ –æ—Å–≤–æ–±–æ–¥–∏—Ç—Å—è –∫–æ–Ω—Å—É–ª—å—Ç–∞–Ω—Ç, –≤ –∏—Ç–æ–≥–µ —É—à–ª–∞ –Ω–∏ —Å —á–µ–º.",2,2024-01-20,2026-01-21 21:53:00
Carefood,yandex,"–°–∞–º—ã–π –ª—É—á—à–∏–π –≤—ã–±–æ—Ä —à–æ–∫–æ–ª–∞–¥–∞ –≤ –ê–ª–º–∞—Ç—ã. –ï—Å—Ç—å –ø–ª–∏—Ç–∫–∏ –∏–∑ –ë–µ–ª—å–≥–∏–∏, –®–≤–µ–π—Ü–∞—Ä–∏–∏ –∏ –¥–∞–∂–µ –§—Ä–∞–Ω—Ü–∏–∏. –ù–∞—Å—Ç–æ—è—â–∏–π —Ä–∞–π –¥–ª—è —Å–ª–∞–¥–∫–æ–µ–∂–µ–∫.",5,2024-05-25,2026-01-21 21:53:00
Carefood,yandex,"–£–¥–æ–±–Ω–æ, —á—Ç–æ –µ—Å—Ç—å –∫–∞—Å—Å—ã —Å–∞–º–æ–æ–±—Å–ª—É–∂–∏–≤–∞–Ω–∏—è. –ï—Å–ª–∏ –ø–æ–∫—É–ø–æ–∫ –Ω–µ–º–Ω–æ–≥–æ, –º–æ–∂–Ω–æ –ø—Ä–æ—Å–∫–æ—á–∏—Ç—å –æ—á–µ–Ω—å –±—ã—Å—Ç—Ä–æ –±–µ–∑ –æ—á–µ—Ä–µ–¥–µ–π.",5,2023-09-18,2026-01-21 21:53:00
Carefood,yandex,"–ú–∞–≥–∞–∑–∏–Ω —Ö–æ—Ä–æ—à–∏–π, –Ω–æ –Ω–µ —Ö–≤–∞—Ç–∞–µ—Ç –Ω–æ—Ä–º–∞–ª—å–Ω—ã—Ö —É–∫–∞–∑–∞—Ç–µ–ª–µ–π. –ö–∞–∂–¥—ã–π —Ä–∞–∑ –∏—â—É –æ—Ç–¥–µ–ª —Å —è–π—Ü–∞–º–∏ –∫–∞–∫ –≤ –ø–µ—Ä–≤—ã–π —Ä–∞–∑.",3,2024-02-28,2026-01-21 21:53:00
Carefood,yandex,"–í—Å–µ–≥–¥–∞ —Å–≤–µ–∂–∏–π —Ç–≤–æ—Ä–æ–≥ –∏ —Å–º–µ—Ç–∞–Ω–∞ –æ—Ç –º–µ—Å—Ç–Ω—ã—Ö —Ñ–µ—Ä–º–µ—Ä–æ–≤. –ö–∞—á–µ—Å—Ç–≤–æ –≥–æ—Ä–∞–∑–¥–æ –ª—É—á—à–µ, —á–µ–º —É –º–∞–≥–∞–∑–∏–Ω–Ω—ã—Ö –±—Ä–µ–Ω–¥–æ–≤ –≤ –ø–∞—á–∫–∞—Ö.",5,2024-06-12,2026-01-21 21:53:00
Carefood,yandex,–¶–µ–Ω—ã –Ω–∞ –æ–ª–∏–≤–∫–æ–≤–æ–µ –º–∞—Å–ª–æ –ø—Ä–æ—Å—Ç–æ –∑–∞–æ–±–ª–∞—á–Ω—ã–µ. –í –¥—Ä—É–≥–∏—Ö –º–µ—Å—Ç–∞—Ö –º–æ–∂–Ω–æ –Ω–∞–π—Ç–∏ —Ç–æ –∂–µ —Å–∞–º–æ–µ –≤ –ø–æ–ª—Ç–æ—Ä–∞ —Ä–∞–∑–∞ –¥–µ—à–µ–≤–ª–µ.,2,2023-12-01,2026-01-21 21:53:00
Carefood,yandex,–û–≥—Ä–æ–º–Ω–æ–µ —Å–ø–∞—Å–∏–±–æ –∑–∞ –≤—ã–±–æ—Ä —Ç–æ–≤–∞—Ä–æ–≤ –¥–ª—è –¥–∏–∞–±–µ—Ç–∏–∫–æ–≤. –û—á–µ–Ω—å –º–Ω–æ–≥–æ —Å–ª–∞–¥–æ—Å—Ç–µ–π –Ω–∞ —Å—Ç–µ–≤–∏–∏ –∏ –º—É–∫–∏ —Å –Ω–∏–∑–∫–∏–º –≥–ª–∏–∫–µ–º–∏—á–µ—Å–∫–∏–º –∏–Ω–¥–µ–∫—Å–æ–º.,5,2024-04-15,2026-01-21 21:53:00
Carefood,yandex,"–ú–∞–≥–∞–∑–∏–Ω –æ–≥—Ä–æ–º–Ω—ã–π, –≤—ã–±–æ—Ä —Å—É–º–∞—Å—à–µ–¥—à–∏–π. –ú–æ–∂–Ω–æ –Ω–∞–π—Ç–∏ –ø—Ä–∞–∫—Ç–∏—á–µ—Å–∫–∏ –≤—Å—ë, —á—Ç–æ —É–≥–æ–¥–Ω–æ –¥—É—à–µ. –¶–µ–Ω—ã —Å–æ–æ—Ç–≤–µ—Ç—Å—Ç–≤—É—é—Ç —É—Ä–æ–≤–Ω—é.",5,2024-03-18,2026-01-21 21:53:00
Carefood,yandex,"–í –æ—Ç–¥–µ–ª–µ –∫—É–ª–∏–Ω–∞—Ä–∏–∏ –æ–±—Å—á–∏—Ç–∞–ª–∏ –Ω–∞ 500 —Ç–µ–Ω–≥–µ. –ó–∞–º–µ—Ç–∏–ª–∞ —Ç–æ–ª—å–∫–æ –¥–æ–º–∞. –ú–µ–ª–æ—á—å, –∞ –æ—Å–∞–¥–æ–∫ –æ—Å—Ç–∞–ª—Å—è –Ω–µ–ø—Ä–∏—è—Ç–Ω—ã–π. –ü—Ä–æ–≤–µ—Ä—è–π—Ç–µ —á–µ–∫–∏!",2,2023-10-25,2026-01-21 21:53:00
Carefood,yandex,"–õ—é–±–ª—é —ç—Ç–æ—Ç –≥–∏–ø–µ—Ä–º–∞—Ä–∫–µ—Ç –∑–∞ –∞—Ç–º–æ—Å—Ñ–µ—Ä—É. –°–ø–æ–∫–æ–π–Ω–æ, –∫—Ä–∞—Å–∏–≤–æ, –∏–≥—Ä–∞–µ—Ç –ø—Ä–∏—è—Ç–Ω–∞—è –º—É–∑—ã–∫–∞. –®–æ–ø–∏–Ω–≥ –ø—Ä–µ–≤—Ä–∞—â–∞–µ—Ç—Å—è –≤ –æ—Ç–¥—ã—Ö.",5,2024-01-08,2026-01-21 21:53:00
Carefood,yandex,"–•–æ—Ä–æ—à–∏–π –≤—ã–±–æ—Ä —Ç–æ–≤–∞—Ä–æ–≤ –¥–ª—è –∂–∏–≤–æ—Ç–Ω—ã—Ö. –ù–∞—à–µ–ª –∑–¥–µ—Å—å —Å–ø–µ—Ü–∏–∞–ª—å–Ω—ã–π –ª–µ—á–µ–±–Ω—ã–π –∫–æ—Ä–º, –∫–æ—Ç–æ—Ä–æ–≥–æ –Ω–∏–≥–¥–µ –≤ –≥–æ—Ä–æ–¥–µ –Ω–µ –±—ã–ª–æ –≤ –Ω–∞–ª–∏—á–∏–∏.",5,2024-05-30,2026-01-21 21:53:00
Carefood,yandex,"–ú–∞–≥–∞–∑–∏–Ω –Ω–µ–ø–ª–æ—Ö–æ–π, –Ω–æ –Ω–∞ –∫–∞—Å—Å–∞—Ö —á–∞—Å—Ç–æ –Ω–µ—Ç –º–µ–ª–∫–∏—Ö –¥–µ–Ω–µ–≥ –¥–ª—è —Å–¥–∞—á–∏. –ü—Ä–æ—Å—è—Ç –æ–ø–ª–∞—á–∏–≤–∞—Ç—å –∫–∞—Ä—Ç–æ–π, –∞ –µ—Å–ª–∏ –µ—ë –Ω–µ—Ç ‚Äî –∂–¥–µ—à—å –∞–¥–º–∏–Ω–∏—Å—Ç—Ä–∞—Ç–æ—Ä–∞.",3,2023-11-08,2026-01-21 21:53:00
Carefood,yandex,"–®–∏–∫–∞—Ä–Ω—ã–π –≤—ã–±–æ—Ä –º–æ—Ä–µ–ø—Ä–æ–¥—É–∫—Ç–æ–≤: –∫—Ä–∞–±—ã, –ª–æ–±—Å—Ç–µ—Ä—ã, —É—Å—Ç—Ä–∏—Ü—ã ‚Äî –≤—Å—ë –∂–∏–≤–æ–µ –∏–ª–∏ –æ—Ö–ª–∞–∂–¥–µ–Ω–Ω–æ–µ. –î–ª—è –æ—Å–æ–±–æ–≥–æ —Å–ª—É—á–∞—è ‚Äî –∏–¥–µ–∞–ª—å–Ω–æ–µ –º–µ—Å—Ç–æ.",5,2024-02-14,2026-01-21 21:53:00
Carefood,yandex,"–í –º–∞–≥–∞–∑–∏–Ω–µ –æ—á–µ–Ω—å —Ö–æ–ª–æ–¥–Ω–æ –≤ –æ—Ç–¥–µ–ª–µ –º–æ–ª–æ—á–∫–∏, –ø—Ä—è–º–æ –∑—É–±—ã –Ω–∞—á–∏–Ω–∞—é—Ç —Å—Ç—É—á–∞—Ç—å. –ù—É–∂–Ω–æ –æ–¥–µ–≤–∞—Ç—å—Å—è —Ç–µ–ø–ª–µ–µ –ø–µ—Ä–µ–¥ –ø–æ—Ö–æ–¥–æ–º —Å—é–¥–∞.",3,2024-06-01,2026-01-21 21:53:00
Carefood,yandex,"–í—Å–µ–≥–¥–∞ —Å–≤–µ–∂–∏–µ —ç–∫–∑–æ—Ç–∏—á–µ—Å–∫–∏–µ —Ñ—Ä—É–∫—Ç—ã: –º–∞–Ω–≥–æ, –º–∞—Ä–∞–∫—É–π—è, –ø–∏—Ç–∞—Ö–∞–π—è ‚Äî –≤–∫—É—Å –∫–∞–∫ –≤ –¢–∞–∏–ª–∞–Ω–¥–µ. –ö–∞—á–µ—Å—Ç–≤–æ –Ω–∞ –≤—ã—Å–æ—Ç–µ.",5,2023-09-22,2026-01-21 21:53:00
Carefood,yandex,"–¶–µ–Ω—ã –Ω–∞ —Ö–ª–µ–± —Å–æ–±—Å—Ç–≤–µ–Ω–Ω–æ–π –≤—ã–ø–µ—á–∫–∏ –≤—ã—Ä–æ—Å–ª–∏ –≤ –¥–≤–∞ —Ä–∞–∑–∞ –∑–∞ –ø–æ–ª–≥–æ–¥–∞. –û—á–µ–Ω—å –∂–∞–ª—å, —Ç–µ–ø–µ—Ä—å –ø–æ–∫—É–ø–∞–µ–º –µ–≥–æ —Ä–µ–∂–µ.",3,2024-04-20,2026-01-21 21:53:00
Carefood,yandex,"–ú–∞–≥–∞–∑–∏–Ω ‚Äî —Å—É–ø–µ—Ä! –ü–µ—Ä—Å–æ–Ω–∞–ª, –∞—Å—Å–æ—Ä—Ç–∏–º–µ–Ω—Ç, —á–∏—Å—Ç–æ—Ç–∞ ‚Äî –≤—Å—ë –Ω–∞ –≤—ã—Å—à–µ–º —É—Ä–æ–≤–Ω–µ. –ú–æ–π –ª—é–±–∏–º—ã–π —Å—É–ø–µ—Ä–º–∞—Ä–∫–µ—Ç –≤ –ê–ª–º–∞—Ç—ã.",5,2024-03-25,2026-01-21 21:53:00
Carefood,yandex,"–ù–µ—É–¥–æ–±–Ω–æ, —á—Ç–æ –ø–∞–∫–µ—Ç—ã –ø–ª–∞—Ç–Ω—ã–µ –∏ –¥–æ—Ä–æ–≥–∏–µ. –ü—Ä–∏ —Ç–∞–∫–æ–π —Å—Ç–æ–∏–º–æ—Å—Ç–∏ –ø—Ä–æ–¥—É–∫—Ç–æ–≤ –º–æ–≥–ª–∏ –±—ã –∏ –±–µ—Å–ø–ª–∞—Ç–Ω–æ –¥–∞–≤–∞—Ç—å.",2,2023-12-12,2026-01-21 21:53:00
Carefood,yandex,"–û—Ç–ª–∏—á–Ω—ã–π –≤—ã–±–æ—Ä –≤–∏–Ω–∞ –∏–∑ –ì—Ä—É–∑–∏–∏. –ù–∞—à–ª–∞ –∑–¥–µ—Å—å —Å–≤–æ–∏ –ª—é–±–∏–º—ã–µ –º–∞—Ä–∫–∏, –∫–æ—Ç–æ—Ä—ã–µ —Ä–µ–¥–∫–æ –≤—Å—Ç—Ä–µ—á–∞—é—Ç—Å—è –≤ –æ–±—ã—á–Ω—ã—Ö –º–∞–≥–∞–∑–∏–Ω–∞—Ö.",5,2024-01-15,2026-01-21 21:53:00
