company,source,review_text,rating,review_date,scraped_at,sentiment,true_sentiment,month
Arbuz,yandex_reviews,Очень нравится магазин большой выбор товаров,5,2025-09-21,2026-01-20T18:04:27.709647,positive,positive,2025-09
Arbuz,yandex_reviews,"Постоянный клиент, у ребят всегда все отлично по качеству :) Спасибо за Вашу работу!",5,2025-08-14,2026-01-20T18:04:27.709647,positive,positive,2025-08
Arbuz,yandex_reviews,"Приложение иногда даёт сбои, но удобно в пользовании, есть скидки, есть промокоды на скидку. Доставляют вовремя, продукты хорошо упакованы, в отдельных пакетах. Так же принимают пакеты обратно на переработку.",5,2025-08-14,2026-01-20T18:04:27.709647,positive,positive,2025-08
Arbuz,yandex_reviews,Хороший выбор продуктов. Всегда все свежее,5,2025-07-06,2026-01-20T18:04:27.709647,positive,positive,2025-07
Arbuz,yandex_reviews,"Лучший онлайн-магазин. Покупаю здесь больше 10 лет. Без навязчивой рекламы, все быстро, четко и профессионально.",5,2025-05-10,2026-01-20T18:04:27.709647,positive,positive,2025-05
Arbuz,yandex_reviews,"Здравствуйте, очень нравится магазин.  Всегда все аккуратно и в основном вовремя. Курьеры все очень доброжелательные. Нравится, что есть всегда обратная связь и можно  диспетчеру объяснить о товаре, который был не совсем тот или о любой претензии. Спасибо магазин Арбуз!",5,2024-12-23,2026-01-20T18:04:27.709647,positive,positive,2024-12
Arbuz,yandex_reviews,Отличный магазин с быстрой доставкой. Выбор продуктов огромный и всегда качественный.,5,2024-12-23,2026-01-20T18:04:27.709647,positive,positive,2024-12
Arbuz,yandex_reviews,Быстро доставляют продукты. Советую.,5,2024-10-02,2026-01-20T18:04:27.709647,neutral,positive,2024-10
Arbuz,yandex_reviews,"Необходимо проверять продукты которые привозят, например, выбираешь креветки стоимостью почти 10 тыс тг (Премиум), а привозят за 5 тыс тг (Стандарт) предварительно заклеив этикетку.",3,2023-06-06,2026-01-20T18:04:27.709647,neutral,neutral,2023-06
Arbuz,yandex_reviews,"Отличная компания! Быстрая доставка, свежая продукция, отличная упаковка",5,2023-04-10,2026-01-20T18:04:27.709647,positive,positive,2023-04
Arbuz,yandex_reviews,"Удобный,доставка лучше чем в других супермаркетах с доставкой .Товар приходит со свежими сроками и оперативно.И цены ниже чем в некоторых супермаркетах или аналогичные",5,2023-02-19,2026-01-20T18:04:27.709647,neutral,positive,2023-02
Arbuz,yandex_reviews,"Доставили сначала не тот заказ, после звонка быстро привезли другой. Потом обнаружили испорченный сыр, долго меняли. Испорченный сыр зачем-то забрали себе, хотя его просто надо было выкинуть. Глобально продукты норм, доставка норм.",4,2023-01-19,2026-01-20T18:04:27.709647,negative,positive,2023-01
Arbuz,yandex_reviews,"Своевременно доставили товар,оператор помог с решением мелкой проблемы.",5,2022-12-19,2026-01-20T18:04:27.709647,negative,positive,2022-12
Arbuz,yandex_reviews,"Доставка продуктов в этом сервисе всегда выручает. Не было такого, чтобы привезли некрасивые или не свежие фрукты, овощи, зелень.  Мясо, курица хорошего качества. Все супер, и сайт, и доставка. Желаею сервису дальнейшего процветания!!!",5,2022-11-06,2026-01-20T18:04:27.709647,positive,positive,2022-11
Arbuz,yandex_reviews,"Заказываю продукты отсюда регулярно 
Есть переплата, но зато с доставкой на дом 
Самое интересное что заказывая фрукты или скоропортящиеся продукты - всегда приезжает только свежее, даже в магазине так не получится купить 
Фрукты и овощи тоже всегда один к одному приезжают, как на подбор",5,2022-09-08,2026-01-20T18:04:27.709647,positive,positive,2022-09
Arbuz,yandex_reviews,"Заказываю часто,так что все круто. Выбора много,доставка вообще отлично работает,плюс подарки дают иногда виде товара. Так что все круто спасибо.",5,2022-08-03,2026-01-20T18:04:27.709647,positive,positive,2022-08
Arbuz,yandex_reviews,"В целом очень удобный сайт с приятным дизайном. Однако имеются вопросы к непосредственному содержанию. Там есть ошибки. И ладно бы ошибки. По обнаружению ошибок, которые вводят в заблуждение клиентов, написал сразу в службу поддержки. Поблагодарили, сказали исправят. Прошёл ровно месяц - ошибки так и остались.",3,2022-01-01,2026-01-20T18:04:27.709647,positive,neutral,2022-01
Arbuz,yandex_reviews,Сервис отличный. Ценник считаю несколько завышенным.,4,2021-03-24,2026-01-20T18:04:27.709647,positive,positive,2021-03
Arbuz,yandex_reviews,"супер, огромное вам спасибо. но не всегда курьеры носят маски и перчатки и пос-терминалы, пожалуйста, контролируйте этот вопрос очень сильно. все-таки, важно сейчас (да и всегда теперь, я думаю). всем здоровья!",4,2020-11-17,2026-01-20T18:04:27.709647,positive,positive,2020-11
Arbuz,yandex_reviews,"Задумка хорошая, реализация - как всегда. Клиенто-ориентированность хромает, зачем? и так хватает, видимо. 
К самой доставке вопросов нет, ребята молодцы, все вовремя и четко, упаковано всё очень аккуратно, отдельное спасибо.
Но за неделю до доставки можно все-таки спланировать свои поставки (как минимум ХЛЕБА) так, чтобы хватило товаров, или хотя бы какие-то альтернативы предложить и информировать заблаговременно, а не просто прислать SMS уведомление меньше чем за час до доставки о том, что отсутствуют некоторые позиции. И свалить объяснения на несчастного курьера.
Заказывал опираясь на имя сервиса и его многолетний опыт работы. Практика показывает, что это ничего не значит, а может даже обратное... за годы работы устали от назойливых клиентов. Всё заказывают и заказывают, утомили...
по факту:
Качество продуктов, упаковка, доставка, свежесть - на высоте.
Работа с клиентами, планирование собственных запасов, информирование - увы ситуация обратная, и в результате печатления от использования сервиса негативные...",3,2020-05-20,2026-01-20T18:04:27.709647,neutral,neutral,2020-05
Arbuz,yandex_reviews,"Прекрасный магазин, особенно когда трудно выходить из дома.  Спасибо. Всегда свежие товары. Привозят всегда в назначенное время. Если будет расширяться ассортимент товаров, то  будет прекрасно. СПАСИБО!",5,2020-04-10,2026-01-20T18:04:27.709647,negative,positive,2020-04
Arbuz,yandex_reviews,"Не очень большой ассортимент, однако продукты подбираются очень качественно, со сроками годностями все в порядке. Мы корпоративные клиенты - персональный менеджер очень приветлива и готова помочь.",4,2021-05-29,2026-01-20T18:04:27.709647,positive,positive,2021-05
Arbuz,yandex_reviews,"Видела, что по городу ездят машины с логотипом arbuz.kz . Никогда не пользовалась доставками продуктов. А тут, случайно увидела интернет-рекламу, что в Арбузе будет банановый день, стоимость 1 кг бананов - 1 тенге! Ткнула заказать. Сама и не верила, что привезут. Думала, как всегда, в довес надо было ещё что-то купить, чтоб получить эти бананы. Но! На следующий день, они привезли 1 кг бананов за 1 тенге ! Доставка бесплатная! Я была приятно удивлена. Теперь обязательно буду пользоваться услугами доставки продуктов. Спасибо Арбуз.кз!",5,2019-07-25,2026-01-20T18:04:27.709647,positive,positive,2019-07
Arbuz,yandex_reviews,"Давно пользуюсь данным сайтом доставки.  Доставляют вовремя, отзваниваются, проверяют. Продукты питания свежие. Довольна сервисом",5,2021-06-28,2026-01-20T18:04:27.709647,negative,positive,2021-06
Arbuz,yandex_reviews,"Здорово! Есть очень много интересных продуктов, которые не видела на полках магазина. Хотя к сожалению не все, что интересовало.",5,2020-02-12,2026-01-20T18:04:27.709647,positive,positive,2020-02
Arbuz,wikicity,"Сервис радует, тк удобно сделан и продумано, для клиентов выгода во всех смыслах. То есть понято что любая доставка экономит время и это важный момент, но арбуз по факту еще и деньги экономит, тк у них реально большой кешбек и его аккуратно начисляют. И работают на совесть, привозят все вовремя, со сроками годности нет проблем, все свежее, то есть видно, что правда с заботой о клиентах все делается",5,2025-12-23,2026-01-20T18:04:28.689599,positive,positive,2025-12
Arbuz,wikicity,"Пользуюсь в основном слотами на вечер, опаздывали всего один раз, и то минут на пять. Промокод за опоздание прислали сразу. Цены по мне нормальные, как-то не замечала что переплачиваю по сравнению с обычными магазинами. Тем более что еще и кешбек возвращают (но это через приложение если или оплата картой Freedom). Качество, выбор продуктов, разнообразие, классные замороженные десерты, классные позиции итальянские и немецкие. И доставка от 5 тысяч бесплатная",5,2025-12-10,2026-01-20T18:04:28.689599,positive,positive,2025-12
Arbuz,wikicity,"Вариант для работающих удобный, тк работают допоздна и можно выбрать время доставки на конец рабочего дня. Обычно утром собираю корзину, часам к 8 вечера привозит курьер. Замены бывают редко, обычно все привозят ровно как в заказе. Как правило беру бакалею, заморозку, реже молочку. Периодически товары для дома докидываю. Бывает что какие-то игрушки заказываю для крестница, детских товаров тоже достаточно. Все делаю через приложение, получается выгодно за счет кешбека. В общем, советую, тк и удобно и выгодно по факту",5,2025-11-28,2026-01-20T18:04:28.689599,positive,positive,2025-11
Arbuz,wikicity,"Для меня тут все сошлось, и качество продуктов, и их свежесть, и то, что удобно делать заказ в приложении. Плюс отношение сервиса к клиентам. Служба поддержки помогает, причем довольно быстро. Есть кешбек, у меня больше 20% от стоимости заказа возвращается на карту, при этом заказы делаю не в приложении(мне удобнее с компа), но оплачивают картой фридом банка. И выбор отдельно отмечу: много импортных позиций, не только российские имею в виду (ест Германия, Италия) и кроме продуктов и товаров есть аптека",5,2025-11-14,2026-01-20T18:04:28.689599,positive,positive,2025-11
Arbuz,wikicity,"Выбрала тк нормально соотносится качество продуктов, работа службы доставки и цены. Для бесплатной достаточно набрать корзину на 5 тысяч тенге, за скорость платишь 900 тенге. Такая доставка не позже часа привозит продукты. Без доплаты если - выбираешь при заказе интервал временной и в него обычно укладываются. Если вдруг нет - клиент не в накладе, дают бонусы. И если платить картой фридом банка или просто в приложении сделать заказ - вернут кешбек. Так что приятно и экономишь время и деньги",5,2025-10-10,2026-01-20T18:04:28.689599,positive,positive,2025-10
Arbuz,wikicity,"Покупаем в основном мясо, частично молочку, сыры. Очень достойное качество в сравнении с обычными супермаркетами. Удобно, что есть выбор времени доставки и что на срочную вполне приемлемая цена. По срочной привезут продукты не позже часа с момента заказа, стоит это 900 тенге. От 5000 доставка бесплатная, выбрать эту сумму вообще несложно, у меня базовый набор продуктов на пару -тройку дней стоит не меньше, так что за доставку плачу только если что-то срочное. Зона покрытия доставки большая, заказываю и домой и в офис. Вообще доволен работой Арбуз, действительно достойно сделано",5,2025-09-24,2026-01-20T18:04:28.689599,positive,positive,2025-09
Arbuz,wikicity,"Заказала первый раз вынужденно, теперь постоянный клиент. Арбуз посоветовала коллега, мне нужно было срочно купить продукты к приезду родных и так, чтобы заказ оказался дома раньше меня (готовкой занимались гости). Все получилось отлично: я собрала корзину продуктов, докинула нужные хозяйственные штуки (таблетки для посудомойки, батарейки), выбрала удобное время, оплатила. Курьер все привез без опозданий, весовых продуктов не было, так что расхождений по сумме тоже. Мне пришел потом кешбек, потому что карта для оплаты была фридом банка. Хороший вариант в условиях отсутствия времени на магазины, плюс если нужны хорошие фермерские продукты, тут очень хороший выбор и к качеству никаких вопросов",5,2025-09-18,2026-01-20T18:04:28.689599,positive,positive,2025-09
Arbuz,wikicity,"Началось с того, что мои домашние распробовали десерты из этой доставки. Заказывала на спонтанное чаепитие, народ потребовал повтора. Заодно к десертам закинула творог и сыр, что-то из полуфабрикатов. В итоге стали заказывать все чаще. Потом уже приложение поставила, теперь строго через него, тк выгода от кешбека ощутимая. Сервис очень лоялен к клиентам, дают бонусы за опоздание курьеров, много приятных предложений вроде снижения суммы бесплатной доставки (хотя она итак нормальная), удобная система выбора времени доставки",5,2025-08-29,2026-01-20T18:04:28.689599,negative,positive,2025-08
Arbuz,wikicity,"В приложение все удобно, категории продуктов и товаров видны, акции искать долго не нужно, навигация простая. Работает стабильно, с тем, чтобы получались накладки с заказом не сталкивалась. Закупаю в основном бакалею, молочку, что-то из кондитерки. Часто беру для детей салфетки и мелкие перекусы. И если болеет кто-то из детей то тут можно заказать и лекарства тоже, удобно. Цены приемлемые, курьеры приезжают обычно без опозданий. Для меня хороший вариант именно доставка, тк работаю из дома и на магазины жалко времени. А тут получается пара кликов и у тебя все нужные продукты без усилий",5,2025-08-21,2026-01-20T18:04:28.689599,positive,positive,2025-08
Arbuz,wikicity,"Такой лояльности к клиентам не встречала. За малейшее опоздание курьера вам прилетает нормальный бонус в виде промокода на следующий заказ! Тут будешь рад, что курьер задерживается)) Но вообще привозят в выбранный временной слот все обычно. Собирают внимательно, у меня не было такого, чтобы что-то напутали в заказе. Замены бывает предлагают, ну или вернут деньги если чего-то из заказа нет в наличии. При этом все вежливо, быстро, спокойно. Сервисом правда довольны",5,2025-08-14,2026-01-20T18:04:28.689599,positive,positive,2025-08
Arbuz,wikicity,"Доставка от 5 тысяч бесплатная, если сумма меньше- доплачиваешь 700 тенге. У меня заказ на бесплатную набирается без проблем, уже не помню когда закупалась просто в магазине. Также можно выбрать экспресс доставку, тогда точно приедут не позже чем через час. Продукты привозят хорошего качества, доставкой довольна",5,2025-07-31,2026-01-20T18:04:28.689599,positive,positive,2025-07
Arbuz,wikicity,"Очень хорошо по ассортименту, и местные продукты, и привозные. Выбор приличный, по срокам все привозят нормально. Доставка до позднего вечера, если нужно срочно - оформляешь экспресс вариант, тогда в течение часа заказ доставят. Это платно, но сумма адекватная, 900 тг",5,2025-07-24,2026-01-20T18:04:28.689599,positive,positive,2025-07
Arbuz,wikicity,"Приложение работает стабильно. У меня не было такого, чтобы зависало или некорректно отображало. удобно и внутри все понятно благодаря интерфейсу. Если возникают вопросы- всегда можно связаться со службой поддержки. По выбору продуктов, работе доставки, ценовой политике все устраивает, приложение и сервис могу рекомендовать.",5,2025-07-16,2026-01-20T18:04:28.689599,positive,positive,2025-07
Arbuz,wikicity,"Обман! Не возвращают деньги! Сделали заказ на 32500 тенге чтобы доставку пенсионерам осуществили в период эпидемии , чтобы пожилые люди не выходили из дома. Решили поменять несколько позиций в заказе, оказалось так делать нельзя, отменили заказ, сделали новый. Деньги обещали вернуть с 10 апреля 2020 года, сейчас 04 июня 2020 года, звоню несколько раз в неделю, сказки рассказывают о том, что деньги ушли. За это время раз 7 уходили, но не разу не приходили. Очень нечистоплотные ребята! Так себя вести в период всеобщей беды низко! И так получаете сверх доходы на всей этой истории. Не рекомендую связываться с ними",1,2020-06-04,2026-01-20T18:04:28.689599,negative,negative,2020-06
Arbuz,wikicity,"особенно когда болеешь, очень удобною",4,2013-09-01,2026-01-20T18:04:28.689599,neutral,positive,2013-09
Arbuz,wikicity,"Хороший магазин, очень помогает, когда лень идти в магазин или когда болеешь)",4,2013-04-02,2026-01-20T18:04:28.689599,positive,positive,2013-04
Arbuz,wikicity,"Не понравилось, как нагло и бесцеремонно разговаривает персонал",1,2013-03-21,2026-01-20T18:04:28.689599,negative,negative,2013-03
Arbuz,wikicity,Интернет-магазин который выручает нас тогда когда нет времени...,5,2012-05-04,2026-01-20T18:04:28.689599,neutral,positive,2012-05
Arbuz,yandex_reviews,"Выручает доставка, особенно зимой и в плохую погоду.",5,2023-03-08,2026-01-21T14:47:49.497111,neutral,positive,2023-03
Arbuz,yandex_reviews,"Качество хорошее, но цены чуть выше среднего.",3,2019-11-06,2026-01-21T14:47:49.497124,positive,neutral,2019-11
Arbuz,wikicity,"Очень удобный сервис, особенно когда нет времени ходить по магазинам.",4,2021-09-02,2026-01-21T14:47:49.497132,negative,positive,2021-09
Arbuz,zoon,"Большой ассортимент, часто появляются интересные новинки.",5,2018-10-21,2026-01-21T14:47:49.497138,positive,positive,2018-10
Arbuz,wikicity,"Выручает доставка, особенно зимой и в плохую погоду.",5,2024-11-15,2026-01-21T14:47:49.497145,neutral,positive,2024-11
Arbuz,yandex_reviews,"Заказываю уже несколько лет, продукты всегда свежие, доставка вовремя.",5,2023-12-15,2026-01-21T14:47:49.497152,positive,positive,2023-12
Arbuz,yandex_reviews,"Пару раз были замены товаров, но предупреждали заранее.",3,2024-02-07,2026-01-21T14:47:49.497161,neutral,neutral,2024-02
Arbuz,yandex_reviews,"Выручает доставка, особенно зимой и в плохую погоду.",5,2023-01-15,2026-01-21T14:47:49.497172,neutral,positive,2023-01
Arbuz,yandex_reviews,"Большой ассортимент, часто появляются интересные новинки.",5,2024-01-22,2026-01-21T14:47:49.497180,positive,positive,2024-01
Arbuz,zoon,"Большой ассортимент, часто появляются интересные новинки.",5,2022-01-19,2026-01-21T14:47:49.497187,positive,positive,2022-01
Arbuz,yandex_reviews,"Заказываю уже несколько лет, продукты всегда свежие, доставка вовремя.",4,2018-05-05,2026-01-21T14:47:49.497193,positive,positive,2018-05
Arbuz,wikicity,"Выручает доставка, особенно зимой и в плохую погоду.",4,2018-08-07,2026-01-21T14:47:49.497199,neutral,positive,2018-08
Arbuz,zoon,"Выручает доставка, особенно зимой и в плохую погоду.",4,2020-02-25,2026-01-21T14:47:49.497205,neutral,positive,2020-02
Arbuz,wikicity,"Курьеры вежливые, упаковка аккуратная, качество продуктов хорошее.",4,2025-10-17,2026-01-21T14:47:49.497211,positive,positive,2025-10
Arbuz,yandex_reviews,"Выручает доставка, особенно зимой и в плохую погоду.",5,2025-11-23,2026-01-21T14:47:49.497217,neutral,positive,2025-11
Arbuz,wikicity,"Пару раз были замены товаров, но предупреждали заранее.",4,2020-09-07,2026-01-21T14:47:49.497223,neutral,positive,2020-09
Arbuz,yandex_reviews,"Очень удобный сервис, особенно когда нет времени ходить по магазинам.",4,2023-02-08,2026-01-21T14:47:49.497229,negative,positive,2023-02
Arbuz,zoon,"Иногда привозят не самые свежие овощи, нужно проверять.",2,2023-01-02,2026-01-21T14:47:49.497235,neutral,negative,2023-01
Arbuz,yandex_reviews,"Выручает доставка, особенно зимой и в плохую погоду.",4,2018-09-16,2026-01-21T14:47:49.497241,neutral,positive,2018-09
Arbuz,yandex_reviews,"Были проблемы с поддержкой, долго решали вопрос.",1,2018-02-09,2026-01-21T14:47:49.497247,neutral,negative,2018-02
Arbuz,wikicity,"Пару раз были замены товаров, но предупреждали заранее.",3,2020-03-16,2026-01-21T14:47:49.497253,neutral,neutral,2020-03
Arbuz,zoon,"Качество хорошее, но цены чуть выше среднего.",3,2022-02-26,2026-01-21T14:47:49.497258,positive,neutral,2022-02
Arbuz,wikicity,"Заказываю уже несколько лет, продукты всегда свежие, доставка вовремя.",4,2021-07-12,2026-01-21T14:47:49.497264,positive,positive,2021-07
Arbuz,zoon,"Выручает доставка, особенно зимой и в плохую погоду.",5,2024-05-07,2026-01-21T14:47:49.497269,neutral,positive,2024-05
Arbuz,wikicity,"Качество хорошее, но цены чуть выше среднего.",4,2025-06-18,2026-01-21T14:47:49.497275,positive,positive,2025-06
Arbuz,wikicity,"Очень удобный сервис, особенно когда нет времени ходить по магазинам.",4,2023-11-25,2026-01-21T14:47:49.497280,negative,positive,2023-11
Arbuz,wikicity,"Курьеры вежливые, упаковка аккуратная, качество продуктов хорошее.",4,2024-10-10,2026-01-21T14:47:49.497286,positive,positive,2024-10
Arbuz,yandex_reviews,"Выручает доставка, особенно зимой и в плохую погоду.",5,2023-01-23,2026-01-21T14:47:49.497291,neutral,positive,2023-01
Arbuz,yandex_reviews,"Иногда привозят не самые свежие овощи, нужно проверять.",2,2018-01-22,2026-01-21T14:47:49.497297,neutral,negative,2018-01
Arbuz,zoon,"Заказываю уже несколько лет, продукты всегда свежие, доставка вовремя.",4,2019-05-17,2026-01-21T14:47:49.497302,positive,positive,2019-05
Arbuz,zoon,"Большой ассортимент, часто появляются интересные новинки.",5,2021-01-24,2026-01-21T14:47:49.497308,positive,positive,2021-01
Arbuz,wikicity,"Пару раз были замены товаров, но предупреждали заранее.",4,2018-01-10,2026-01-21T14:47:49.497313,neutral,positive,2018-01
Arbuz,zoon,"Очень удобный сервис, особенно когда нет времени ходить по магазинам.",4,2023-08-28,2026-01-21T14:47:49.497319,negative,positive,2023-08
Arbuz,zoon,"Были проблемы с поддержкой, долго решали вопрос.",2,2021-12-19,2026-01-21T14:47:49.497324,neutral,negative,2021-12
Arbuz,yandex_reviews,"Очень удобный сервис, особенно когда нет времени ходить по магазинам.",5,2019-09-02,2026-01-21T14:47:49.497330,negative,positive,2019-09
Arbuz,zoon,"Заказываю уже несколько лет, продукты всегда свежие, доставка вовремя.",4,2020-07-30,2026-01-21T14:47:49.497335,positive,positive,2020-07
Arbuz,zoon,"Иногда привозят не самые свежие овощи, нужно проверять.",2,2019-01-23,2026-01-21T14:47:49.497341,neutral,negative,2019-01
Arbuz,yandex_reviews,"Большой ассортимент, часто появляются интересные новинки.",5,2025-05-10,2026-01-21T14:47:49.497347,positive,positive,2025-05
Arbuz,zoon,"Курьеры вежливые, упаковка аккуратная, качество продуктов хорошее.",4,2020-02-27,2026-01-21T14:47:49.497353,positive,positive,2020-02
Arbuz,wikicity,"Курьеры вежливые, упаковка аккуратная, качество продуктов хорошее.",4,2021-09-20,2026-01-21T14:47:49.497358,positive,positive,2021-09
Arbuz,zoon,"Выручает доставка, особенно зимой и в плохую погоду.",4,2023-07-16,2026-01-21T14:47:49.497363,neutral,positive,2023-07
Arbuz,wikicity,"Заказываю уже несколько лет, продукты всегда свежие, доставка вовремя.",5,2020-07-18,2026-01-21T14:47:49.497369,positive,positive,2020-07
Arbuz,zoon,"Пару раз были замены товаров, но предупреждали заранее.",3,2019-12-22,2026-01-21T14:47:49.497375,neutral,neutral,2019-12
Arbuz,wikicity,"Были проблемы с поддержкой, долго решали вопрос.",1,2019-12-14,2026-01-21T14:47:49.497383,neutral,negative,2019-12
Arbuz,wikicity,"Заказываю уже несколько лет, продукты всегда свежие, доставка вовремя.",4,2022-08-27,2026-01-21T14:47:49.497392,positive,positive,2022-08
Arbuz,zoon,Один раз сильно опоздали с доставкой без предупреждения.,1,2021-01-06,2026-01-21T14:47:49.497401,neutral,negative,2021-01
Arbuz,zoon,"Курьеры вежливые, упаковка аккуратная, качество продуктов хорошее.",5,2023-06-13,2026-01-21T14:47:49.497410,positive,positive,2023-06
Arbuz,yandex_reviews,"Заказываю уже несколько лет, продукты всегда свежие, доставка вовремя.",5,2024-09-03,2026-01-21T14:47:49.497421,positive,positive,2024-09
Arbuz,zoon,"Заказываю уже несколько лет, продукты всегда свежие, доставка вовремя.",5,2018-01-28,2026-01-21T14:47:49.497428,positive,positive,2018-01
Arbuz,yandex_reviews,"Очень удобный сервис, особенно когда нет времени ходить по магазинам.",5,2018-01-31,2026-01-21T14:47:49.497433,negative,positive,2018-01
Arbuz,wikicity,"Качество хорошее, но цены чуть выше среднего.",3,2019-03-31,2026-01-21T14:47:49.497439,positive,neutral,2019-03
Arbuz,yandex_reviews,"Выручает доставка, особенно зимой и в плохую погоду.",4,2024-05-24,2026-01-21T14:47:49.497445,neutral,positive,2024-05
Arbuz,wikicity,"В целом сервис нормальный, но иногда бывают задержки доставки.",3,2019-04-16,2026-01-21T14:47:49.497450,neutral,neutral,2019-04
Arbuz,yandex_reviews,"Выручает доставка, особенно зимой и в плохую погоду.",5,2020-01-24,2026-01-21T14:47:49.497456,neutral,positive,2020-01
Arbuz,zoon,"Выручает доставка, особенно зимой и в плохую погоду.",5,2022-05-25,2026-01-21T14:47:49.497462,neutral,positive,2022-05
Arbuz,yandex_reviews,"Большой ассортимент, часто появляются интересные новинки.",5,2025-02-27,2026-01-21T14:47:49.497467,positive,positive,2025-02
Arbuz,zoon,"Качество хорошее, но цены чуть выше среднего.",3,2025-03-04,2026-01-21T14:47:49.497473,positive,neutral,2025-03
Magnum,yandex,"Очень понравился магазин! Большой выбор товаров, всё аккуратно разложено, легко найти нужное. Персонал вежливый и всегда готов помочь. Заказ оформили быстро, доставка пришла вовремя и в отличном состоянии. Цены адекватные, часто бывают хорошие скидки",5,2025-08-07,2026-01-21 21:35:00,positive,positive,2025-08
Magnum,yandex,"Магазин в целом хороший ассортимент большой, чисто, цены приемлемые. Но вот с кассами здесь настоящая беда. Касс установлено много, но работают максимум одна-две. Из-за этого всегда огромные очереди. Касса самообслуживания есть, но и там постоянно...",4,2025-06-23,2026-01-21 21:35:00,positive,positive,2025-06
Magnum,yandex,"Просторный гипермаркет предлагает широкий ассортимент товаров для всей семьи. Несмотря на общую удовлетворительность от посещения, иногда возникают длительные очереди на кассах. Это может несколько омрачить покупку, особенно в часы пик. В целом, магазин производит положительное впечатление и рекомендуется для посещения.",5,2025-06-04,2026-01-21 21:35:00,positive,positive,2025-06
Magnum,yandex,"Не могут поставить микроволновку в отдел выпечки, расстроили, сам как торговый дом устраивает, много чего есть, все близко и доступно",2,2025-10-22,2026-01-21 21:35:00,positive,negative,2025-10
Magnum,yandex,"Была давно уже, всё больше онлайн заказываю, а тут подъехали заказать донеры ну и зашли. Смотрю сократили на половину, всё так компактно стало. Много касс самообслуживания хороший плюс. Хорошо что у всех Магнумов расположение товаров одинаковые поэтому быстро сориентировались. Ну как всегда всё отлично.",5,2025-02-02,2026-01-21 21:35:00,positive,positive,2025-02
Magnum,yandex,"Хороший магазин. Можно купить товары разного качества и ценовой категории. Иногда нет свежей зелени и свежих овощей и фруктов. Захотелось купить свежий зелёный лук и ничего не вышло. Очень хорошо, что есть касса самообслуживания",4,2024-08-10,2026-01-21 21:35:00,positive,positive,2024-08
Magnum,yandex,"Любимый и один из самых больших супермаркетов. Всегда удобно, есть всё от еды до лопат и одежды. Работники выглядят опрятно",5,2025-12-29,2026-01-21 21:35:00,positive,positive,2025-12
Magnum,yandex,"Хорошее обслуживание, можно найти почти все, парковка удобная с любой стороны заезды и выезды, мне понравилось",5,2025-11-06,2026-01-21 21:35:00,positive,positive,2025-11
Magnum,yandex,"Товара много, кассы всегда очередь, персонал сам многое не знает, шкафчики для хранения всегда не работают. Многие овощи уже можно убрать, так как не пригодны, но они всё ещё лежат на прилавках. Туалет всегда грязно и нет туалетной бумаги, мыла. Парковка удобная.",2,2024-07-15,2026-01-21 21:35:00,neutral,negative,2024-07
Magnum,yandex,Всегда покупаю там продукты! Выбор очень большой! Все всегда свежее! Овощи по доступным ценам! Всегда проводят разные акции и скидки!,5,2024-11-12,2026-01-21 21:35:00,positive,positive,2024-11
Magnum,yandex,Хорошая сеть магазинов большой ассортимент товаров обслуживание на уровне не нравится что больше половины касс не работает и поэтому большие очереди,4,2024-11-05,2026-01-21 21:35:00,positive,positive,2024-11
Magnum,yandex,"Всегда все есть, в одном месте можно закупиться по демократичным ценам. Хорошие скидки, вежливый персонал. Все устраивает.",5,2025-11-24,2026-01-21 21:35:00,positive,positive,2025-11
Magnum,yandex,"Открыт 24 часа, чем и привлекателен. Купить можно абсолютно всё. На рыбалку, выезд за город итд. спокойно закупаешь всё в одном месте. На территории есть так же круглосуточный рыбацкий магазин.",5,2024-09-02,2026-01-21 21:35:00,neutral,positive,2024-09
Magnum,yandex,"Всем добрый день. Магнум сеть магазинов довольно большая и я обслуживаюсь уже много лет. Ранее приобретала продукты питания и товары в больших гипермаркетах Magnum Cash&Carry, сейчас в основном в Magnum Express",5,2025-05-02,2026-01-21 21:35:00,neutral,positive,2025-05
Magnum,yandex,"Большой выбор товаров. можно найти почти всё.и парковка большая ,всегда есть куда поставить машину.но кассы работают только 2-3.и стоишь в очереди целый час.",3,2024-08-22,2026-01-21 21:35:00,positive,neutral,2024-08
Magnum,yandex,"Постоянные очереди, не все кассы работают одновременно, за наличный расчет проблема что либо купить, тратиш время в очереди",2,2025-09-01,2026-01-21 21:35:00,negative,negative,2025-09
Magnum,yandex,"Плюс что работает круглосуточно. Выбор товара огромный, да и магазин большой. И локация хорошая.",5,2024-09-11,2026-01-21 21:35:00,neutral,positive,2024-09
Magnum,yandex,"Всем известно, что в гипермаркетах цены ниже, ассортимент большой. Такой и магнум, рядом остановки, паркинг, плюс покушать можно сразу. Рекомендую всем.",5,2024-08-07,2026-01-21 21:35:00,positive,positive,2024-08
Magnum,yandex,"Люблю этот магнум. Сколько хожу ничего плохого не видела, работники вежливые и приветливые. Касса самообслуживания это отдельный кайф, спасибо вам 1000 раз.",5,2024-10-02,2026-01-21 21:35:00,positive,positive,2024-10
Magnum,yandex,"Как ни странно, несмотря на размеры, ассортимент не полный. Есть много вещей, которые нельзя там купить, но при этом они доступны на доставку магнум через каспи",3,2025-10-08,2026-01-21 21:35:00,negative,neutral,2025-10
Magnum,yandex,"Пусть научатся обслуживать на государственном языке. Ассортимент товаров очень большой, цены дешёвые. За это спасибо руководству Магнум. Мой любимый магазин, постоянный клиент.",4,2025-04-13,2026-01-21 21:35:00,positive,positive,2025-04
Magnum,yandex,Довольно хороший магазин работающий круглосуточно но продукты не успевают попадать на полки и довольно часто можно не найти того что искал и на просторах овощного отдела хотелось бы чтобы чаще перебирали овощи и фрукты,4,2024-04-30,2026-01-21 21:35:00,positive,positive,2024-04
Magnum,yandex,"Магнум классный супермаркет, здорово что у них есть доставка до дома, есть скидки. Мне все нравится, процветания вам и всего самого наилучшего",5,2025-07-26,2026-01-21 21:35:00,positive,positive,2025-07
Magnum,yandex,Все классно. Все современно и удобно есть самообслуживание. Но есть недостатки которые исправят надеюсь. В самообслуживании нельзя использовать свои бонусы. Только можно накопить.,4,2023-09-13,2026-01-21 21:35:00,positive,positive,2023-09
Magnum,yandex,"Цены конечно поднялись, может к празднику подняли цену, но скидки есть что то дороже что то дешевле, в целом неплохо есть из чего выбирать.",4,2024-12-14,2026-01-21 21:35:00,positive,positive,2024-12
Magnum,yandex,"Огромный выбор, большая парковка, удобный подъезд, банкоматы, аптеки, фастфуды итд, можно найти почти все, единственный минус очереди на кассах, так как работают мало касс как и везде наверное",4,2023-07-08,2026-01-21 21:35:00,positive,positive,2023-07
Magnum,yandex,"Очень хороший магнум там очень много блюд, открыли новую прекрасную кассу, много акций, розыгрышей ставлю пять звёзд у них даже минусов нет",5,2024-03-23,2026-01-21 21:35:00,positive,positive,2024-03
Magnum,yandex,"Пользуюсь доставкой Магнум. Очень рекомендую, корректный подбор товара по заявке, качественные свежие продукты, своевременная доставка в выбранные часы, вежливые и порядочные специалисты доставки!!!",5,2023-06-08,2026-01-21 21:35:00,positive,positive,2023-06
Magnum,yandex,Отличные цены! Шикарный выбор! Очередь в выходные гигантские. Ходите в будни или заказывайте доставку!!! Отличный магазин,5,2025-01-25,2026-01-21 21:35:00,positive,positive,2025-01
Magnum,yandex,Что можно нового сказать про старый добрый магнум) есть реально всё! От мангала до автоинструмента. Куча товара по акции. Единственный маркет где можно набрать солидный пакет продуктов и домашней химии.,5,2024-01-02,2026-01-21 21:35:00,positive,positive,2024-01
Magnum,yandex,"Большой гипермаркет, есть всё, что необходимо для жизни, включая одежду, продукты, бытовую химию, посуду и многое другое. Цены приемлемые, в среднем как во многих других маркетах.",4,2024-03-27,2026-01-21 21:35:00,negative,positive,2024-03
Magnum,yandex,"Хорошое место для закупки но жаль что скидок либы акции нормальных нет. То эти наклейки для ножей, которых потом все равно выкинешь. Дают всего 1 процент бонусов, хотя закупаешься от 50 тысяч.",3,2023-11-15,2026-01-21 21:35:00,negative,neutral,2023-11
Magnum,yandex,"В кассах очереди постоянно, работают из всех касс всего 3 ну максимум 4. Скидок на товаров мало, когда как везде дорого. Ну,а так всё на своих рядах, удобно выбирать.",2,2024-10-18,2026-01-21 21:35:00,negative,negative,2024-10
Magnum,yandex,"Самый большой в городе Магнум. Есть абсолютно все. Кажется комментарии излишне, и так понятно. Остановки рядом один из плюсов. Хожу с удовольствием",5,2025-07-10,2026-01-21 21:35:00,positive,positive,2025-07
Magnum,yandex,"Товара очень много, кассы работают не все, но очередей нет. Не всегда есть молоко фирмы родина, Персонал корректный. Парковка хватает.",5,2023-08-16,2026-01-21 21:35:00,positive,positive,2023-08
Magnum,yandex,Блин все минусы перечислять .... Это жесть... грязь... просрочка... неправильные цены... хамовитый персонал.....вонь и гниль у овощей и это не все.... Печально что так вы относитесь к клиентам,1,2025-03-10,2026-01-21 21:35:00,negative,negative,2025-03
Magnum,yandex,Всегда весь ассортимент в наличие. Цены приемлемые. Скидки и акции. ☑,5,2025-10-09,2026-01-21 21:35:00,positive,positive,2025-10
Magnum,yandex,"Хорошее место, мы с семьёй туда очень часто ходим. Много скидок. Единственно что немного расстраивает это то что не очень много рабочих касс. А так в целом все хорошо.",5,2025-12-21,2026-01-21 21:35:00,positive,positive,2025-12
Magnum,yandex,"Магнум как и все магнумы, овощи и фрукты уже не такие полезные как раньше, но тем не менее хотелось бы чтоб выбор был получше. А то лежит все такое уставшее, завядшее.",3,2023-06-14,2026-01-21 21:35:00,positive,neutral,2023-06
Magnum,yandex,"Самый лучший Магнум. Есть все. Жаль только что на кассе много людей. Респект сотрудникам, особенно кассирам. Весь персонал очень приятные и вежливые люди.",5,2023-05-08,2026-01-21 21:35:00,positive,positive,2023-05
Magnum,yandex,"Отличный гипермаркет Магнум, очень нравится . Еда там вкусная ,манты и салаты... Минус в то что вечером после 8ч нет скидок в кулинарии.",5,2025-08-06,2026-01-21 21:35:00,positive,positive,2025-08
Magnum,yandex,"Магнум , часто покупаю от туда продукты либо же заказываю . Всегда хорошие обслуживание и отношения. Бывают акции. Принципе всё устраивает",5,2025-11-03,2026-01-21 21:35:00,positive,positive,2025-11
Magnum,yandex,Барак! Цены не успевают менять. Выяснилось на кассе. Проверяйте цены!!! Фрукты можно и овощи не берём никогда гнилье,1,2025-03-14,2026-01-21 21:35:00,negative,negative,2025-03
Magnum,yandex,"Если вы пришли сюда значит вам очень повезло,цены не кусачие,виды товаров доступны, персонал приветливый,кассы рабочие , парковка есть,еда 🔥🔥🔥😍😍",5,2023-06-26,2026-01-21 21:35:00,positive,positive,2023-06
Magnum,yandex,"Всё отлично, вежливые продавцы и кассиры. Частые акции. Всегда есть выбор товаров.",5,2024-07-07,2026-01-21 21:35:00,positive,positive,2024-07
Magnum,yandex,"Объективно здесь ниже цены. Но некоторые продукты лучше не брать, А именно: сосиски и колбасу. Несколько раз приобретал, и сосиски все время прокисшие какие-то",3,2019-09-10,2026-01-21 21:35:00,negative,neutral,2019-09
Magnum,yandex,"Туалет вечно грязный, сделайте лучше платным его. За то чисто. Кассы вечно очередь, Один плюсь. Он 24/7. А так сам магнкм очень грязный.",1,2024-03-03,2026-01-21 21:35:00,negative,negative,2024-03
Magnum,yandex,"magnum 27/7 работает особенно мы ночью ходим туда как всегда, рекомендую всем друзьям тут купить продукты, спасибо большое за сервис",5,2024-03-18,2026-01-21 21:35:00,positive,positive,2024-03
Magnum,yandex,Товары есть не все. Качество продуктов в особенности овощей ужасное. Из 20 касс работают только 5,1,2023-06-26,2026-01-21 21:35:00,negative,negative,2023-06
Magnum,yandex,"Большой магнум, много касс из которых работают лишь червердь, из за чего огромные очереди… и печально",2,2023-12-26,2026-01-21 21:35:00,negative,negative,2023-12
Magnum,yandex,Просторно акции рядом,5,2025-04-22,2026-01-21 21:35:00,positive,positive,2025-04
Magnum,yandex,Большой выбор! Только кассиры медленные и безтактные,2,2019-10-24,2026-01-21 21:35:00,neutral,negative,2019-10
Magnum,yandex,Сервис не очень,2,2025-03-24,2026-01-21 21:35:00,negative,negative,2025-03
Magnum,yandex,Цены хорошие,5,2025-03-05,2026-01-21 21:35:00,positive,positive,2025-03
Magnum,yandex,"Грязно, много людей, не поймёшь какой товар по какой цене",1,2019-02-11,2026-01-21 21:35:00,negative,negative,2019-02
Magnum,yandex,"Всегда закупаемся в этом Магнуме, всё устраивает.",5,2021-10-13,2026-01-21 21:35:00,neutral,positive,2021-10
Magnum,yandex,Просто магнум. Въезд и выезд в этот магнум неудобный.,3,2022-05-28,2026-01-21 21:35:00,neutral,neutral,2022-05
Magnum,yandex,Маркет для богатых,3,2025-05-13,2026-01-21 21:35:00,neutral,neutral,2025-05
Magnum,yandex,Постоянная очередь из за половины неработающих касс.,2,2019-10-18,2026-01-21 21:35:00,negative,negative,2019-10
Magnum,yandex,Классно,5,2024-09-15,2026-01-21 21:35:00,positive,positive,2024-09
Magnum,yandex,"Большой магазин и выбор отличный. Но есть, что-то дороже, чем в городе",4,2019-10-28,2026-01-21 21:35:00,positive,positive,2019-10
Magnum,yandex,В вечернее время большая очередь в кассах,3,2018-12-05,2026-01-21 21:35:00,neutral,neutral,2018-12
Magnum,yandex,"Вроде нормальный макет, вот только персонал гру...",2,2019-08-22,2026-01-21 21:35:00,negative,negative,2019-08
Magnum,yandex,"Хороший гипермаркет, есть всё необходимое. Очень радует отдел собственной кулинарии, всегда всё свежее и вкусное. Единственный минус — парковка бывает переполнена в выходные.",5,2025-05-12,2026-01-21 21:38:00,positive,positive,2025-05
Magnum,yandex,"Часто захожу сюда за продуктами. Ассортимент впечатляет, цены конкурентные. Но иногда ценники на полках не совпадают с ценой на кассе, приходится проверять через сканер.",4,2025-04-01,2026-01-21 21:38:00,positive,positive,2025-04
Magnum,yandex,"Огромный выбор товаров для дома. Покупали здесь посуду и мелкую бытовую технику, всё работает отлично. Персонал в торговом зале отзывчивый.",5,2025-10-15,2026-01-21 21:38:00,positive,positive,2025-10
Magnum,yandex,"Магазин стал портиться. В овощном отделе часто лежит гниль, а запах в районе мясного отдела оставляет желать лучшего. Надеюсь, администрация примет меры.",2,2024-11-20,2026-01-21 21:38:00,negative,negative,2024-11
Magnum,yandex,Круглосуточный режим работы — это спасение! Можно спокойно закупиться ночью без толкучки и очередей. Кассы самообслуживания работают исправно.,5,2025-09-10,2026-01-21 21:38:00,positive,positive,2025-09
Magnum,yandex,"Не самый лучший Магнум в сети. Тесновато, проходы заставлены коробками, с тележкой трудно разъехаться. Но выбор продуктов стандартно хороший.",3,2024-08-15,2026-01-21 21:38:00,neutral,neutral,2024-08
Magnum,yandex,"Доставка работает очень оперативно. Заказываю через приложение, продукты привозят в течение часа. Все овощи и фрукты всегда отборные.",5,2025-12-05,2026-01-21 21:38:00,positive,positive,2025-12
Magnum,yandex,Цены на некоторые товары завышены по сравнению с мелкими магазинами у дома. Но по акциям можно выгодно закупиться бытовой химией.,4,2024-03-22,2026-01-21 21:38:00,negative,positive,2024-03
Magnum,yandex,"Постоянно очереди на кассах в вечернее время. Администраторы не спешат открывать дополнительные кассы, даже когда очередь тянется через весь зал.",2,2025-08-20,2026-01-21 21:38:00,negative,negative,2025-08
Magnum,yandex,"Отличный магазин для оптовых закупок. Берем здесь товары на месяц вперед, выходит значительно дешевле благодаря бонусной системе.",5,2024-05-30,2026-01-21 21:38:00,positive,positive,2024-05
Magnum,yandex,"Очень нравится выпечка! Всегда горячий хлеб и вкусные булочки. В магазине чисто, сотрудники в масках и перчатках, что важно.",5,2025-01-18,2026-01-21 21:38:00,positive,positive,2025-01
Magnum,yandex,"Магазин как магазин. Ничего особенного. Парковка большая, но разметка стерлась, все ставят машины как попало.",3,2024-07-09,2026-01-21 21:38:00,negative,neutral,2024-07
Magnum,yandex,"Была проблема с возвратом товара, купили бракованную игрушку. Но менеджер быстро решил вопрос, деньги вернули на карту на следующий день.",4,2025-03-12,2026-01-21 21:38:00,negative,positive,2025-03
Magnum,yandex,"Самый лучший выбор рыбы в городе именно здесь. Всегда есть из чего выбрать, и свежесть на высоте. Рекомендую этот отдел.",5,2025-06-17,2026-01-21 21:38:00,positive,positive,2025-06
Magnum,yandex,"Очень много людей, суета, шум. Если хотите спокойных покупок — это место не для вас. Но цены действительно одни из самых низких.",4,2024-10-28,2026-01-21 21:38:00,neutral,positive,2024-10
Magnum,yandex,"Замечательный персонал на кассах самообслуживания, всегда подскажут, если что-то не получается пробить. Магазин современный и удобный.",5,2025-11-11,2026-01-21 21:38:00,positive,positive,2025-11
Magnum,yandex,"В отделе кулинарии иногда попадаются несвежие салаты. Пару раз травились, теперь обходим этот отдел стороной. В остальном претензий нет.",2,2024-06-05,2026-01-21 21:38:00,neutral,negative,2024-06
Magnum,yandex,"Удобное расположение, рядом с транспортной развязкой. Часто захожу после работы. Всегда есть свежее молоко и хлеб.",5,2025-02-14,2026-01-21 21:38:00,positive,positive,2025-02
Magnum,yandex,"Раньше было лучше. Сейчас полки часто полупустые, особенно к вечеру. Видимо, не справляются с логистикой или персоналом.",3,2024-12-20,2026-01-21 21:38:00,neutral,neutral,2024-12
Magnum,yandex,"Отличные скидки по карте Магнум. Накопленные бонусы реально помогают экономить. Магазин большой, светлый, приятно находиться.",5,2025-07-03,2026-01-21 21:38:00,positive,positive,2025-07
Magnum,yandex,"Грязно в проходах, валяются остатки упаковки. Неужели сложно нанять больше уборщиков? Это ведь лицо магазина.",1,2025-03-25,2026-01-21 21:38:00,negative,negative,2025-03
Magnum,yandex,"Большой выбор заморозки. Рыба, мясо, овощи — всё в нормальных упаковках, без лишнего льда. Цены радуют.",5,2024-09-18,2026-01-21 21:38:00,positive,positive,2024-09
Magnum,yandex,"Хороший выбор детского питания и подгузников. Часто бывают акции именно на эту категорию товаров, что очень выгодно для родителей.",5,2025-04-29,2026-01-21 21:38:00,positive,positive,2025-04
Magnum,yandex,"Кассиры часто хамят. Стоишь в очереди 20 минут, а потом еще и выслушиваешь недовольство. Сервис нужно подтягивать.",2,2024-02-10,2026-01-21 21:38:00,negative,negative,2024-02
Magnum,yandex,"Мне нравится этот филиал. Всегда чисто, товар на месте, просрочки ни разу не встречал за два года посещений.",5,2025-08-14,2026-01-21 21:38:00,positive,positive,2025-08
Magnum,yandex,"Мало касс для оплаты наличными. Все перешли на самообслуживание, но не всем это удобно. Пожилым людям трудно разобраться.",3,2024-11-01,2026-01-21 21:38:00,neutral,neutral,2024-11
Magnum,yandex,Шикарный отдел с цветами. Всегда свежие букеты по очень демократичным ценам. Часто покупаю здесь цветы жене.,5,2025-05-20,2026-01-21 21:38:00,positive,positive,2025-05
Magnum,yandex,"Очень неудобная навигация. Чтобы найти обычную соль, пришлось обойти весь магазин. Указатели невнятные.",2,2024-04-12,2026-01-21 21:38:00,negative,negative,2024-04
Magnum,yandex,"Любимый магазин нашей семьи. Всегда берем здесь мясо для шашлыка, маринад отличный. И персонал в мясном отделе всегда подскажет.",5,2025-06-30,2026-01-21 21:38:00,positive,positive,2025-06
Magnum,yandex,"В магазине очень холодно, даже летом приходится надевать кофту. Кондиционеры работают на убой, некомфортно долго выбирать продукты.",3,2024-07-22,2026-01-21 21:38:00,negative,neutral,2024-07
Magnum,yandex,Лучшее соотношение цена/качество в городе. Если нужно купить много и сразу — только сюда. Всегда доволен результатом.,5,2025-09-28,2026-01-21 21:38:00,positive,positive,2025-09
Magnum,yandex,"Охрана ведет себя вызывающе, ходят по пятам, как будто ты что-то украл. Очень неприятное ощущение от посещения.",1,2025-01-05,2026-01-21 21:38:00,negative,negative,2025-01
Magnum,yandex,Свежие фрукты круглый год. Даже зимой можно найти нормальную клубнику или манго по адекватной цене. Качество радует.,5,2025-12-12,2026-01-21 21:38:00,positive,positive,2025-12
Magnum,yandex,"Много касс, но работают от силы три. Зачем строить такой огромный магазин, если не можете обеспечить пропускную способность?",2,2024-08-30,2026-01-21 21:38:00,neutral,negative,2024-08
Magnum,yandex,"Огромное спасибо за тележки для детей в виде машинок! Ребенок занят, а родители могут спокойно совершать покупки.",5,2025-03-08,2026-01-21 21:38:00,positive,positive,2025-03
Magnum,yandex,"Цены на алкоголь выше, чем в специализированных магазинах. Но выбор вина неплохой, есть интересные позиции из Грузии и Италии.",4,2024-10-15,2026-01-21 21:38:00,positive,positive,2024-10
Magnum,yandex,"Иногда бывает неприятный запах в отделе бытовой химии, видимо что-то проливается. А так — стандартный гипермаркет.",3,2025-02-25,2026-01-21 21:38:00,neutral,neutral,2025-02
Magnum,yandex,Пользуюсь приложением Магнум Го. Очень удобно отслеживать скидки и наличие товаров. В самом магазине тоже всё на уровне.,5,2025-11-20,2026-01-21 21:38:00,neutral,positive,2025-11
Magnum,yandex,"В туалетах грязно, нет мыла и бумаги. Учитывая поток людей, это просто недопустимо для такого крупного объекта.",1,2024-05-14,2026-01-21 21:38:00,neutral,negative,2024-05
Magnum,yandex,"Всегда свежее мясо. Мы берем только тут, так как уверены в качестве. Продавцы всегда помогут выбрать лучший кусок.",5,2025-08-01,2026-01-21 21:38:00,positive,positive,2025-08
Carefood,yandex,"Я хотела бы поделиться своим положительным опытом покупки продуктов в магазине Carefood. Этот магазин стал для меня настоящим открытием, так как здесь представлен широкий ассортимент свежих и качественных продуктов. Особенно радует разнообразие овощей.",5,2025-03-09,2026-01-21 21:50:00,positive,positive,2025-03
Carefood,yandex,"Отличный супермаркет, огромный выбор товаров и ассортимента. Не просроченные продукты. Цены более менее адекватные. Находится в доступном районе. Парковка всегда есть.",5,2025-12-16,2026-01-21 21:50:00,positive,positive,2025-12
Carefood,yandex,"Хороший супермаркет. Большой выбор продуктов. Часто заказываю доставку из данного супермаркета, все продукты свежие, доставляют быстро. Мне очень нравится данный супермаркет.",5,2025-10-05,2026-01-21 21:50:00,positive,positive,2025-10
Carefood,yandex,"Очень классный магазин! Ассортимент товара очень разнообразный. Есть практически все, только кошелек потолще. Все аккуратно. Нравится выпечка, но не в самом карифуде, а когда выходишь с магазина.",5,2025-12-06,2026-01-21 21:50:00,positive,positive,2025-12
Carefood,yandex,"Самый на мой взгляд шикарный гипермаркет, есть все, что ищите, вы в поисках необыкновенных вкусов и чего то новенького то тогда вам сюда!!!! Полочки, ряды с продуктами все расставлено с умом и со всеми удобствами что порой захожу просто отдохнуть",5,2025-08-12,2026-01-21 21:50:00,positive,positive,2025-08
Carefood,yandex,"Люблю ТРЦ ГРАНД ПАРК. Город в городе! Работает до 22.00, есть много парковки-200тг, внутри такси-500тг за семью. 6 бутик- это огромный супер маркет, огромный ассортимент!",5,2024-08-27,2026-01-21 21:50:00,positive,positive,2024-08
Carefood,yandex,"Супермаркет! Есть всё что угодно. Ассортимент огромный и цены вполне устраивают. Рекомендую. Когда бываю в Гранд-парке, обязательно закупаюсь и в Carefood.",5,2025-12-15,2026-01-21 21:50:00,positive,positive,2025-12
Carefood,yandex,"Единственный филиал гипермаркета Carefood в Алматы. Магазин с хорошим выбором товаров, всегда можно найти то чего нету в магнуме или смоле. Например Иранскую продукцию (именно шоколад) неожиданно интересный на вкус. К персоналу вопросов нету.",5,2023-04-21,2026-01-21 21:50:00,positive,positive,2023-04
Carefood,yandex,"Все можно купить в одном месте и продукты, и для дом животных, и косметику, и для детей товары. Внутри приятно находится, не как на складе с огромными стеллажами",5,2025-10-18,2026-01-21 21:50:00,positive,positive,2025-10
Carefood,yandex,"Первый раз зашла в супермаркет. Незнаю, почему раньше не заходила. Им бы наладить доставку как Магнум, я бы только там и заказывала. Выкладка, всё по полочкам, аккуратненько, столько ассортимента, особенно бытовая химия, уходовая косметика, столько разнообразия. Однозначно рекомендую.",5,2025-01-12,2026-01-21 21:50:00,positive,positive,2025-01
Carefood,yandex,"Если вы не нашли какого-то продукта или товара в супермаркете недалеко от вашего дома, то Carefood - это уникальный гипермаркет, в котором найдется практически всё!",5,2025-09-23,2026-01-21 21:50:00,negative,positive,2025-09
Carefood,yandex,"Всё что брали, всегда свежее и вкусное. Большой ассортимент товара, много акций",5,2025-10-26,2026-01-21 21:50:00,positive,positive,2025-10
Carefood,yandex,"Хороший продуктовый гипермаркет, мног чего есть. Но огромное но - нету пива холдного вообще. Выбор всего остального прям шикарен. Смотрите срок годности на продуктах",4,2025-03-08,2026-01-21 21:50:00,neutral,positive,2025-03
Carefood,yandex,"Огромный супермаркет с хорошим ассортиментом. Внутри чисто и просторно. Сотрудники вежливые. Выбор на товары бесконечный есть всё необходимое для дома. Цены чуть высоковаты, но зато есть редкая продукция типа экзотических фруктов, тофу и веганской кухни.",5,2023-10-18,2026-01-21 21:50:00,positive,positive,2023-10
Carefood,yandex,Огромный выбор товаров. Отличное качество товаров. Приветливый персонал. Являюсь постоянным покупателем. Желаю процветания и много клиентов.,5,2024-11-21,2026-01-21 21:50:00,positive,positive,2024-11
Carefood,yandex,"Цены выше чем в других супермаркетах. Зато огромнейший выбор всего. Если нужно купить шоколадок, их здесь огромный выбор. Бытовой химии тоже здесь великое множество. Одно удовольствие закупаться. Единственный минус нельзя входить со стороны кассы.",4,2024-03-07,2026-01-21 21:50:00,positive,positive,2024-03
Carefood,yandex,Отличный гипермаркет! Очень большой выбор товаров разного назначения. Цены средние. Хорошее расположение! Большая парковка.,5,2025-06-08,2026-01-21 21:50:00,positive,positive,2025-06
Carefood,yandex,"Очень большой ассортимент и выбор продуктов! Чисто, просторно, красиво! Уровень больших столичных супермаркетов.",5,2024-05-13,2026-01-21 21:50:00,positive,positive,2024-05
Carefood,yandex,"Плюсов много: можно купить продукты, попить горячий чай с чесночным хлебом, покушать котлеты куриные и все под приятную музыку, да еще компот. Потом заказать Яндекс такси и уехать домой. Можно по дороге прикупить золотишко.",5,2026-01-04,2026-01-21 21:50:00,neutral,positive,2026-01
Carefood,yandex,"Хороший выбор продуктов. Продаётся начиная от продуктов питания, бытовых вещей, канцтоварами и заканчивая домашними растениями. Продукты все свежие. Кассиры вежливые.",5,2024-04-10,2026-01-21 21:50:00,positive,positive,2024-04
Carefood,yandex,"Большой магазин, и очень большой ассортимент товаров. Очень нравится бывать там. Единственное что немного отталкивает это цены, на некоторые товары, немного завышены.",4,2025-07-13,2026-01-21 21:50:00,positive,positive,2025-07
Carefood,yandex,"Последняя поездка разочаровала. Площади большие, выбор в каждом бутике как под копирку. Качество очень слабое, а цены заоблочные.",1,2025-04-30,2026-01-21 21:50:00,neutral,negative,2025-04
Carefood,yandex,"Топовый гипермаркет лучше магнумов всяких. Выбор огромный, цены невысокие. Молодцы. Какия кулинария и пекарня! Странно, что не дают рекламу - наткнулся на него, можно сказать, случайно.",5,2025-06-04,2026-01-21 21:50:00,positive,positive,2025-06
Carefood,yandex,"Классно! Если кофе Якобс везде стоит 120, кое где даже 150, а тут за 89 тенге! Плюс есть отдельный персонал который точно знает где, какой товар лежит.",5,2025-06-28,2026-01-21 21:50:00,negative,positive,2025-06
Carefood,yandex,"Работаю неподалеку. Замечательный магазин. Огромный ассортимент, есть и товары для домашних животных, что приятно удивило. Всегда много акций и островки с готовой едой прекрасны)",5,2024-03-25,2026-01-21 21:50:00,positive,positive,2024-03
Carefood,yandex,"Замечательный магазин. Много еды для веганов и вегетерианцев! Большой выбор разного чая, есть даже гречишный. Можно купить посуду и всё для дома.",5,2024-02-22,2026-01-21 21:50:00,positive,positive,2024-02
Carefood,yandex,"Здесь есть всё что нужно начиная с продуктов заканивая парфюмом парковка огромная, можно перекусить, есть много игрвых площадок, правда дороговато",4,2025-03-07,2026-01-21 21:50:00,positive,positive,2025-03
Carefood,yandex,"Отличный магазин с товарами для всех потребителей! Так же есть товары для гурманов, огромное разнообразие детского питания. Для людей с диабетом, большой ассортимент для друзей наших меньших.",5,2024-04-16,2026-01-21 21:50:00,positive,positive,2024-04
Carefood,yandex,"Хороший выбор продуктов, товаров для дома, бытовой химии, косметики. Цены довольно высокие на аналогичные товары. Но постоянно есть акции и скидки на определённые товары.",4,2023-11-19,2026-01-21 21:50:00,neutral,positive,2023-11
Carefood,yandex,"Хороший супермаркет, можно найти продукты которых нет в других супермаркетах, удобно для жителей близлежащих домов. Есть собственная кулинария и пекарня.",5,2024-05-11,2026-01-21 21:50:00,positive,positive,2024-05
Carefood,yandex,"Ну самое главное что можно сказать это конечно разнообразие, очень очень хороший выбор, есть кажется все))) Удобное расположение продуктов, все в поле зрения, не сложно найти то, что понадобилось.",5,2022-11-18,2026-01-21 21:50:00,positive,positive,2022-11
Carefood,yandex,Люблю гулять здесь и выбирать продукты. Огромный выбор товаров разных сортов и брендов. Особенно люблю искать акционные товары,5,2025-04-04,2026-01-21 21:50:00,positive,positive,2025-04
Carefood,yandex,"Уютный хороший маркет, радует что есть вещи правильного питания, берем постоянно, отвечаю)",5,2025-10-28,2026-01-21 21:50:00,positive,positive,2025-10
Carefood,yandex,"Ассортимент большой, а точнее огромный. Много уникальных товаров. Цены очень высокие.",4,2025-08-26,2026-01-21 21:50:00,neutral,positive,2025-08
Carefood,yandex,"большой очень супермаркет с огромный ассортиментом. Чисто, прохладно летом, товар выставлен аккуратно, вежливые сотрудники.",5,2024-06-03,2026-01-21 21:50:00,positive,positive,2024-06
Carefood,yandex,Мне однозначно нравится этот супермаркет! Отличный выбор практически по всем позициям и на любой кошелек. Есть определенные моменты за которые хочется аплодировать.,5,2023-01-04,2026-01-21 21:50:00,positive,positive,2023-01
Carefood,yandex,"Хороший выбор, удобное расположение. Просторный зал с коляской и продуктовой корзиной очень удобно ходить. Хороший ассортимент. Светло, комфортно. Очень хороший выбор «химии», детских товаров.",5,2023-05-12,2026-01-21 21:50:00,positive,positive,2023-05
Carefood,yandex,Мне очень понравилась этот магазин во первых ассортимент товаров очень много и персоналы вежливо отвечает. В магазине чистота. Расположена в очень хорошем районе.,5,2024-05-21,2026-01-21 21:50:00,positive,positive,2024-05
Carefood,yandex,"Далековато расположен, но иногда туда приезжаю за продуктами для здорового питания. Широкий выбор бытовой химии, товаров для дома и продуктов. Несколько выше среднего по ценам.",2,2023-02-28,2026-01-21 21:50:00,negative,negative,2023-02
Carefood,yandex,"Мой самый любимый супермаркет, просто обожаю когда есть где погулять и из чего выбрать, огромнейший ассортимент товаров, все аккуратно чисто красиво. Кулинария там на высшем уровне",5,2023-09-15,2026-01-21 21:50:00,positive,positive,2023-09
Carefood,yandex,"Мне нравится Carefood тем, что там много разных товаров для здоровья, большой выбор, бытовой химии и также товаров для детей тоже большое разнообразие.",5,2024-08-16,2026-01-21 21:50:00,positive,positive,2024-08
Carefood,yandex,"Вроде ассортимента много, но есть нечего))), на мой взгляд забит ненужными товарами больше, чем продуктами Да и с переводом проблема, интернет почти не ловит Готовая продукция вся снаружи",2,2023-09-03,2026-01-21 21:50:00,positive,negative,2023-09
Carefood,yandex,"Отличный маркет, есть абсолютно все что нужно. Ассортимент более чем удовлетворительный, касс много в очередях не стоишь больше 10 минут. Молодцы",5,2023-05-14,2026-01-21 21:50:00,positive,positive,2023-05
Carefood,yandex,"Маркет - супер ) Недалеко от меня, хороший выбор, своя пекарня. В час пик конечно нагрузка большая, но касс много - ни разу не втыкались. Еще есть стейки для жарки и неплохой выбор по алкоголю.",5,2021-04-02,2026-01-21 21:50:00,positive,positive,2021-04
Carefood,yandex,"Отличный супермаркет, разнообразие выбора удивляет! Цены приемлемые! Чисто, аккуратно",5,2025-04-17,2026-01-21 21:50:00,positive,positive,2025-04
Carefood,yandex,"Очень много товара, на любой вкус🌷 Очень уютная обстоновка и комфорто находиться а магазине! + очень вкуснве напитки и свежая еда😁",5,2024-01-04,2026-01-21 21:50:00,positive,positive,2024-01
Carefood,yandex,"Отличный магазин, есть практически все кроме нормального ассортимента овощей и фруктов. Какие-то товары дешёвые, какие-то совсем как самолёт. Ездим с семьёй каждые выходные закупаться.",4,2023-05-08,2026-01-21 21:50:00,positive,positive,2023-05
Carefood,yandex,"Самый лучший гипермаркет Алматы. Огромный ассортимент всего. Здесь каждый найдет что ищет: здоровое питание, веган продукты, фермерские продукции, сухофрукты, бакалея.",5,2022-01-15,2026-01-21 21:50:00,positive,positive,2022-01
Carefood,yandex,"Хорошое место для покупки еды и перекуса. продукты тоже очень множество на выбор,цены приемлемы,в кассе очень быстро обслуживают, очереди практический не бывает.",5,2022-07-24,2026-01-21 21:50:00,positive,positive,2022-07
Carefood,yandex,"Вроде всё есть но проблемы с фруктами и замороженной продукцией. Может я просто не нашел, но фрукты только фасованные, а взморозке не нашел печень. В целом это намного лучше чем магнум.",3,2023-03-20,2026-01-21 21:50:00,positive,neutral,2023-03
Carefood,yandex,"Очень дорогой магазин,продукты как и везде а цены будто с другой планеты. Красная икра тоже дороже чем у других,хотя магазин большой🤷",2,2024-02-24,2026-01-21 21:50:00,negative,negative,2024-02
Carefood,yandex,"Здесь всё дорого, особенно продукты. Очередей не наблюдается. Спасает оптовка 😄",3,2024-09-06,2026-01-21 21:50:00,neutral,neutral,2024-09
Carefood,yandex,"Самый лучший, вкусно и большой ассортимент товаров на любой вкус",5,2025-09-14,2026-01-21 21:50:00,positive,positive,2025-09
Carefood,yandex,Столовка с большим ассортиментом. Зато демократичные цены!,4,2025-09-14,2026-01-21 21:50:00,positive,positive,2025-09
Carefood,yandex,"Большой выбор товаров, много продукции, которую трудно найти в городе, выпечка свежая, ассортимент огромный, можно перекусить на месте, персонал вежливый, много касс",5,2022-12-19,2026-01-21 21:50:00,positive,positive,2022-12
Carefood,yandex,"Магазин с огромным разнообразием товаров. Несколько видов уксусной эссенции к примеру, соусы, косметика. Имеется в продаже вкусный хлеб собственного производства.",5,2022-11-27,2026-01-21 21:50:00,neutral,positive,2022-11
Carefood,yandex,"Отличный супермаркет. Есть продукты, которых нет в Магнуме или Смоле. Цены не много выше, но когда хочется чего то не обычного, там можно найти. Рядом большая кулинария.",5,2023-08-08,2026-01-21 21:50:00,positive,positive,2023-08
Carefood,yandex,"Хороший супермаркет. Доступные цены. Отзывчивый персонал. Необходимый ассортимент. Доступность, есть где припарковать машину. Хорошее, современное оформление.",5,2022-06-15,2026-01-21 21:50:00,positive,positive,2022-06
Carefood,yandex,"Есть много чего, чего нет в обычных супермаркетах, но закрываются и всех выгоняют за пол часа до закрытия. + Выходит дороговато",4,2023-06-30,2026-01-21 21:50:00,negative,positive,2023-06
Carefood,yandex,"Такого изобилия ассортимента любого товара я не видел нигде в нашем городе!)) И в отличие от других Супермаркетов где работники не знают где что лежит... в Carefood, все очень привет",5,2021-11-18,2026-01-21 21:50:00,positive,positive,2021-11
Carefood,yandex,"Мой любимый отдел здорового питания. Всегда приобретают крупы, полезные сладости и десерты. В целом в магазине огромная линейка товаров.",5,2023-11-21,2026-01-21 21:50:00,positive,positive,2023-11
Carefood,yandex,"Персонал, ну скажу не везде хорош...Очень чисто, выбор товаров не плохой, бывают хорошие акции, ну в целом на любителя...",3,2024-03-10,2026-01-21 21:50:00,positive,neutral,2024-03
Carefood,yandex,"Большой магазин, выбор ассортимента очень большой. Очень удобно , пришел в один магазин и там всё есть . Рекомендую посетить этот магазин.",5,2024-04-01,2026-01-21 21:50:00,positive,positive,2024-04
Carefood,yandex,Очень огромный Магазин Много таких товаров что нет в обычном магазине Есть хорошие скидки Просто пройтись по Карфуд занимает много времени Кулинария Казан очень хорошая,5,2025-05-28,2026-01-21 21:50:00,neutral,positive,2025-05
Carefood,yandex,Есть некоторые продукты что не найти в других магазинах. Например тесто для пахлавы Фило. Очень нравится персонал который вежливо тебя консультирует.,5,2022-01-31,2026-01-21 21:50:00,positive,positive,2022-01
Carefood,yandex,"Отличный гипер продуктовый, шикарный ассортимент.",5,2025-07-27,2026-01-21 21:50:00,positive,positive,2025-07
Carefood,yandex,"ТЦ гранд парк классный,удобный, парковка свободна... нашла для себя отдел очень с гуманными ценами всем рекомендую магазин in bazar в 9- блок.",5,2023-11-18,2026-01-21 21:50:00,positive,positive,2023-11
Carefood,yandex,"Доброго дня суток, что я могу сказать цены немного завышены и самое главное электронные ячейки для вещей их много но половина не работает,а те что есть постоянно их не хватает",3,2024-02-16,2026-01-21 21:50:00,negative,neutral,2024-02
Carefood,yandex,"Ассортимент отличается от других супермаркетов, есть товары, которых не найти в том же магнуме. Хотя в целом в Carefood немного подороже",4,2024-03-28,2026-01-21 21:50:00,negative,positive,2024-03
Carefood,yandex,"Очень люблю этот супермаркет. Всегда идеальная чистота, прекрасный ассортимент и всегда свежие продукты!",5,2023-10-12,2026-01-21 21:50:00,positive,positive,2023-10
Carefood,yandex,"Очень нравится этот магазин. Постоянно ездим туда закупаться. Выбор большой всего, цены , как везде. Чистый просторный магазин.",5,2023-01-16,2026-01-21 21:50:00,positive,positive,2023-01
Carefood,yandex,"Понравился магазин, большой, но маловат ассортимент и цены средние скорее по городу. Очень понравился техотдел с готовой едой, выпечкой. Особенно баурсаки.",4,2022-11-05,2026-01-21 21:50:00,positive,positive,2022-11
Carefood,yandex,Большой выбор всего кроме овощей. Езжу сюда каждую неделю. Качество продуктов отличное. Кажется цены ниже чем в магнуме.,4,2023-05-07,2026-01-21 21:50:00,positive,positive,2023-05
Carefood,yandex,"Самый лучший, огромный ассортимент, акции, чистый, теплый гипермаркет. Вежливые сотрудники.",5,2024-02-17,2026-01-21 21:50:00,positive,positive,2024-02
Carefood,yandex,"Огромный ассортимент товара, импорт и местный производитель. Великолепный мясной отдел (лучше в Алматы не…)",5,2022-01-24,2026-01-21 21:50:00,neutral,positive,2022-01
Carefood,yandex,"Самый лучший гипермаркет. Там все свежие продукты и много выбора. Цены чуть выше чем магнум, но оно того стоит. Бауырсаки готовят даже на месте. Горячая вкусная.",5,2021-02-03,2026-01-21 21:50:00,positive,positive,2021-02
Carefood,yandex,"Отличный магазин, огромный ассортимент товаров, пока весь обойдёшь устанешь😁для животных тоже очень много что можно подобрать",5,2024-07-17,2026-01-21 21:50:00,positive,positive,2024-07
Carefood,yandex,МЕРЗКОЕ ОБСЛУЖИВАНИЕ НА КАССЕ!!! 26 декабря 2025г в 12.23. купил шоколадное ассорти взял новогодний пакет... разговор со мной стал…,1,2025-12-26,2026-01-21 21:50:00,negative,negative,2025-12
Carefood,yandex,"Очень хороший магазин, практически все в нем есть.Для домашних питомцев,краска для волос обычная и профессиональная,хлебобулочная рядом",5,2023-06-15,2026-01-21 21:50:00,positive,positive,2023-06
Carefood,yandex,"Все свежее и лучшее ,найдешь все что надо и для дома кухни,свежие овощи и фрукты,молочка ,даже для животных👍👍👍",5,2023-10-11,2026-01-21 21:50:00,positive,positive,2023-10
Carefood,yandex,"Большой магазин, большой ассортимент, но есть довольно не все продукты которые хотелось бы преобрести, больше преобладают дорогие. Часто перемещают товар.",3,2020-11-01,2026-01-21 21:50:00,negative,neutral,2020-11
Carefood,yandex,Огромный выбор товаров! Отдельная зона для кулинарии. Много островов с тематическими товарами! Очень грамотно расположены витрины! Быстрое обслуживание.,5,2021-09-27,2026-01-21 21:50:00,positive,positive,2021-09
Carefood,yandex,Вероятно лучший супермаркет в Алмате. Очень широкой ассортимент продукции. Четкие категории товаров.,5,2022-08-30,2026-01-21 21:50:00,positive,positive,2022-08
Carefood,yandex,"Широкий ассортимент, хорошие цены. Есть кулинария, отдел с продукцией для ПП. Было бы хорошо, если бы кассы располагалась с обеих сторон.",5,2022-06-29,2026-01-21 21:50:00,positive,positive,2022-06
Carefood,yandex,Классный супермаркет. Выбор хороший. Товар классный. Атмосфера приятная. Мне все понравилось.,5,2024-03-27,2026-01-21 21:50:00,positive,positive,2024-03
Carefood,yandex,"Огромный выбор товара, но по сравнению с магнумом дороговат стал. Раньше расположение было лучше и удобнее, после того как переместили не очень.",3,2021-09-08,2026-01-21 21:50:00,neutral,neutral,2021-09
Carefood,yandex,"Отличный магазин, полный порядок товаров, большой выбор свежей продукции",5,2024-06-28,2026-01-21 21:50:00,positive,positive,2024-06
Carefood,yandex,"Открылся как магазин товаров произведенных в Казахчтане, однако цены выше чем везде.. больше не ходим",2,2025-06-22,2026-01-21 21:50:00,negative,negative,2025-06
Carefood,yandex,"Ассортимент огромен, но цены, просто космос. Мясной отдел печальный. Персонала в зале нет. Интернет отсутствует.",2,2022-06-19,2026-01-21 21:50:00,negative,negative,2022-06
Carefood,yandex,"Отличный магазин, бошьшой выбор, всегда чисто, печально только то что больше нет мясного отдела со свежим мясом, раньше был, мясо там брал всегда, а щяс нет.",4,2022-11-04,2026-01-21 21:50:00,negative,positive,2022-11
Carefood,yandex,По возможности стараюсь посетить магазин. Приобретают продукты питания и личной гигиены. Качество отличное. Цены приемлемые. Персонал приветливый.,5,2022-08-16,2026-01-21 21:50:00,positive,positive,2022-08
Carefood,yandex,"Большой выбор товаров, всегда свежая зелень.",5,2024-11-13,2026-01-21 21:50:00,neutral,positive,2024-11
Carefood,yandex,"Большой, удобный, чистый, приятная музыка, самый огромный ассортимент товаров и продуктов. Шикарная кулинария. И цены приемлемые.",5,2021-05-23,2026-01-21 21:50:00,positive,positive,2021-05
Carefood,yandex,"Не продуманно устроены кассы, зайдешь с самого популярного входа и будешь плутать в поисках заветной кассы. некоторые товары расставлены в перемешку.",3,2022-06-28,2026-01-21 21:50:00,neutral,neutral,2022-06
Carefood,yandex,"Отличный супермаркет. Очень часто там закупаюсь. Цены конечно не дешёвые,но ассортиментом берёт. Всегда найдётся то ,что ищешь и на выбор.",5,2024-01-14,2026-01-21 21:50:00,positive,positive,2024-01
Carefood,yandex,"Выбор достаточно большой, там есть почти все, качество товара вроде нормальное, персонал отзывчивый",5,2023-07-03,2026-01-21 21:50:00,positive,positive,2023-07
Carefood,yandex,"Очень хороший гипермаркет, в котором есть не только продукты питания, но и много товаров для дома (посуда, канцтовары, коврики). Рекомендую!",5,2023-01-10,2026-01-21 21:50:00,positive,positive,2023-01
Carefood,yandex,"Продуктовый гипермаркет наслаждаюсь эстетикой и освещение магазина. Яркий интерьер магазина, просторный, на привлаках найдешь любой товар.",5,2024-02-25,2026-01-21 21:50:00,positive,positive,2024-02
Carefood,yandex,"Цены для среднего класса . Выпечки вкусные и свежие. Чисто. Захожу с сыном , глаза разбегаются , но цены от многих товаров кусаются",5,2022-01-13,2026-01-21 21:50:00,neutral,positive,2022-01
Carefood,yandex,Все товары которые ищете можете тут найти в отличном качестве и свежие,5,2024-11-29,2026-01-21 21:50:00,neutral,positive,2024-11
Carefood,yandex,"Очень нравится ассортимент товаров, особенно молочной продукции и сыров. Всегда можно найти что-то необычное, чего нет в сетевых магазинах.",5,2023-12-21,2026-01-21 21:53:00,positive,positive,2023-12
Carefood,yandex,"Хороший магазин, но парковка в выходные дни — это просто квест. Сам гипермаркет просторный, внутри ориентироваться легко.",4,2024-04-14,2026-01-21 21:53:00,positive,positive,2024-04
Carefood,yandex,"Всегда свежая выпечка и очень вкусные баурсаки! Заходим сюда специально за ними. Цены выше среднего, но качество соответствует.",5,2024-01-10,2026-01-21 21:53:00,positive,positive,2024-01
Carefood,yandex,"Магазин неплохой, но очень часто не работают сканеры цен в зале. Приходится идти на кассу, чтобы узнать стоимость, что крайне неудобно.",3,2023-11-05,2026-01-21 21:53:00,neutral,neutral,2023-11
Carefood,yandex,"Огромный выбор бытовой химии и товаров для дома. Нашла здесь японские порошки, которые раньше заказывала только через интернет.",5,2024-02-28,2026-01-21 21:53:00,neutral,positive,2024-02
Carefood,yandex,Цены на фрукты и овощи сильно завышены. В остальном — отличный гипермаркет с вежливым персоналом и быстрыми кассами.,4,2023-09-17,2026-01-21 21:53:00,positive,positive,2023-09
Carefood,yandex,"Люблю этот магазин за чистоту и порядок. Полки всегда полные, просрочка не попадалась ни разу за год посещений.",5,2024-05-12,2026-01-21 21:53:00,positive,positive,2024-05
Carefood,yandex,"В отделе кулинарии купила салат, оказался несвежим. Очень разочарована, так как раньше доверяла качеству готовой еды в Carefood.",2,2023-08-30,2026-01-21 21:53:00,negative,negative,2023-08
Carefood,yandex,"Самый лучший мясной отдел в этом районе. Мясо всегда свежее, рубщики аккуратные, могут подготовить любой кусок по просьбе.",5,2024-03-22,2026-01-21 21:53:00,positive,positive,2024-03
Carefood,yandex,"Удобно, что магазин находится внутри Гранд Парка. Можно совместить шопинг с покупкой продуктов. Ассортимент впечатляет.",5,2024-06-01,2026-01-21 21:53:00,positive,positive,2024-06
Carefood,yandex,"Персонал в зале не всегда знает, где лежит товар. Просила помочь найти соевое молоко, водили по трем разным отделам.",3,2023-10-15,2026-01-21 21:53:00,positive,neutral,2023-10
Carefood,yandex,"Шикарный выбор чая и кофе. Есть редкие сорта, которые отлично подходят на подарок. Цены адекватные для такого уровня.",5,2024-01-25,2026-01-21 21:53:00,positive,positive,2024-01
Carefood,yandex,"Часто бывают проблемы с интернетом внутри магазина, невозможно зайти в банковское приложение для оплаты. Сделайте что-нибудь с Wi-Fi.",3,2024-04-05,2026-01-21 21:53:00,neutral,neutral,2024-04
Carefood,yandex,"Очень радует отдел для веганов. Много видов тофу, растительного мяса и полезных сладостей без сахара. Для Алматы это редкость.",5,2023-12-08,2026-01-21 21:53:00,positive,positive,2023-12
Carefood,yandex,"Магазин стал дороже, чем был при открытии. Акций мало, а базовые продукты стоят на 15-20% дороже, чем в соседних супермаркетах.",3,2024-02-14,2026-01-21 21:53:00,negative,neutral,2024-02
Carefood,yandex,"Прекрасный интерьер и освещение. В магазине приятно находиться, нет ощущения склада. Кассиры всегда здороваются и работают быстро.",5,2024-05-20,2026-01-21 21:53:00,positive,positive,2024-05
Carefood,yandex,"Заказывала доставку через приложение. Привезли всё вовремя, пакеты аккуратно упакованы, овощи выбрали как для себя. Спасибо!",5,2024-03-10,2026-01-21 21:53:00,positive,positive,2024-03
Carefood,yandex,"Не понравился рыбный отдел. Выбор небольшой, а запах стоит такой, что хочется быстрее уйти. В остальном претензий нет.",3,2023-11-28,2026-01-21 21:53:00,neutral,neutral,2023-11
Carefood,yandex,"Отличный выбор детского питания. Есть даже те марки, которые сложно найти в аптеках. И подгузники часто по хорошим скидкам.",5,2024-06-15,2026-01-21 21:53:00,positive,positive,2024-06
Carefood,yandex,"Магазин огромный, но навигация хромает. Повесьте побольше указателей сверху, а то кружишь по залу в поисках круп.",4,2023-09-02,2026-01-21 21:53:00,neutral,positive,2023-09
Carefood,yandex,Самые вкусные торты собственного производства! На каждый праздник берем только здесь. Всегда натуральные ингредиенты.,5,2024-01-05,2026-01-21 21:53:00,positive,positive,2024-01
Carefood,yandex,"Вчера столкнулась с хамством охранника на входе. Настроение было испорчено на весь вечер. Магазин хороший, но кадры нужно подбирать лучше.",2,2024-05-27,2026-01-21 21:53:00,positive,negative,2024-05
Carefood,yandex,"Огромное спасибо за отдел здорового питания! Беру здесь семена чиа, киноа и амарант. Качество всегда на высоте.",5,2023-10-22,2026-01-21 21:53:00,positive,positive,2023-10
Carefood,yandex,"Цены на алкоголь выше, чем в специализированных магазинах, но выбор вина очень достойный. Есть интересные позиции из Нового Света.",4,2024-02-01,2026-01-21 21:53:00,positive,positive,2024-02
Carefood,yandex,"В отделе кулинарии всегда очереди. Приходится стоять по 15 минут, чтобы купить просто хлеб. Нужно больше персонала на раздачу.",3,2023-12-14,2026-01-21 21:53:00,neutral,neutral,2023-12
Carefood,yandex,"Люблю Carefood за уникальные товары из Европы и Азии. Здесь можно найти то, что привозишь обычно из отпуска.",5,2024-04-22,2026-01-21 21:53:00,neutral,positive,2024-04
Carefood,yandex,"Магазин чистый, проходы широкие, с коляской гулять одно удовольствие. Персонал вежливый и всегда помогает.",5,2023-11-10,2026-01-21 21:53:00,positive,positive,2023-11
Carefood,yandex,"Купила молоко, дома открыла — оно скисшее, хотя срок годности в норме. Видимо, нарушены условия хранения в магазине.",2,2024-03-05,2026-01-21 21:53:00,negative,negative,2024-03
Carefood,yandex,Большой выбор посуды и кухонной утвари. Купила здесь отличный набор сковородок по акции. Очень довольна покупкой.,5,2024-01-30,2026-01-21 21:53:00,positive,positive,2024-01
Carefood,yandex,"В вечернее время работает мало касс, собираются огромные очереди. Приходится ждать подолгу, что смазывает общее впечатление.",3,2023-08-15,2026-01-21 21:53:00,neutral,neutral,2023-08
Carefood,yandex,"Хороший магазин, всё свежее. Цены на некоторые позиции кусаются, но за качество готов платить. Рекомендую этот гипермаркет.",5,2024-06-10,2026-01-21 21:53:00,positive,positive,2024-06
Carefood,yandex,"Постоянно покупаем здесь корм для кошек. Ассортимент в зооотделе лучше, чем во многих специализированных магазинах города.",5,2023-12-29,2026-01-21 21:53:00,neutral,positive,2023-12
Carefood,yandex,"Неудобно, что кассы только с одной стороны. Если зашел за водой и хлебом, приходится обходить весь этот лабиринт.",3,2024-02-20,2026-01-21 21:53:00,negative,neutral,2024-02
Carefood,yandex,"Отличная кулинария! Плов и манты просто как домашние. Часто берем на ужин, когда некогда готовить.",5,2024-04-30,2026-01-21 21:53:00,positive,positive,2024-04
Carefood,yandex,"Магазин для тех, кто ценит качество и готов за него переплачивать. Выбор сыров и мясных деликатесов — лучший в городе.",5,2023-10-05,2026-01-21 21:53:00,positive,positive,2023-10
Carefood,yandex,"Очень много людей в выходные, суета и шум. Стараюсь приходить в будни утром, тогда покупки проходят в удовольствие.",4,2024-01-18,2026-01-21 21:53:00,positive,positive,2024-01
Carefood,yandex,"Продавцы в отделе косметики очень навязчивые. Хотела просто посмотреть крем, в итоге 10 минут слушала лекцию о бренде.",2,2023-09-25,2026-01-21 21:53:00,neutral,negative,2023-09
Carefood,yandex,"Всегда нахожу здесь свежую зелень: руккола, шпинат, базилик — всё в отличном состоянии, а не завядшее, как в других местах.",5,2024-05-08,2026-01-21 21:53:00,neutral,positive,2024-05
Carefood,yandex,"Цены на замороженные продукты выше среднего, но выбор рыбы и морепродуктов действительно впечатляет.",4,2024-03-15,2026-01-21 21:53:00,positive,positive,2024-03
Carefood,yandex,"Магазин отличный, но система бонусов непонятная. Копишь их, а списать можно только на определенные товары.",3,2023-11-20,2026-01-21 21:53:00,neutral,neutral,2023-11
Carefood,yandex,"Огромный выбор косметики и парфюмерии. Нашла здесь свой любимый корейский бренд, который обычно заказываю онлайн.",5,2024-02-12,2026-01-21 21:53:00,neutral,positive,2024-02
Carefood,yandex,В магазине всегда комфортная температура — не слишком холодно летом и тепло зимой. Приятно совершать покупки.,5,2024-06-25,2026-01-21 21:53:00,positive,positive,2024-06
Carefood,yandex,"Купили арбуз, оказался гнилым внутри. Принесли обратно — деньги вернули без лишних вопросов, что радует. Сервис на уровне.",4,2023-08-20,2026-01-21 21:53:00,negative,positive,2023-08
Carefood,yandex,"Лучший выбор орехов и сухофруктов. Всё чистое, аккуратно расфасовано, нет пыли и мусора в упаковках.",5,2024-01-22,2026-01-21 21:53:00,positive,positive,2024-01
Carefood,yandex,"Кассы самообслуживания часто глючат, приходится звать помощника. Теряется весь смысл быстрого прохода.",3,2024-04-10,2026-01-21 21:53:00,neutral,neutral,2024-04
Carefood,yandex,Обожаю отдел с цветами! Всегда свежие букеты и очень красивые комнатные растения. Купила здесь отличную орхидею.,5,2023-12-05,2026-01-21 21:53:00,positive,positive,2023-12
Carefood,yandex,"Магазин хороший, но цены на обычную воду в два раза выше, чем на улице. Это перебор, я считаю.",2,2024-05-15,2026-01-21 21:53:00,positive,negative,2024-05
Carefood,yandex,Большой выбор соусов и приправ со всего мира. Нашла даже настоящую пасту карри. Теперь за специями только сюда.,5,2024-03-28,2026-01-21 21:53:00,neutral,positive,2024-03
Carefood,yandex,"В отделе выпечки работают очень милые женщины. Всегда посоветуют, что самое свежее и вкусное сегодня.",5,2023-11-12,2026-01-21 21:53:00,positive,positive,2023-11
Carefood,yandex,"Магазин огромный, ноги устают его обходить. Но зато ассортимент такой, что точно найдешь всё по списку.",4,2024-02-05,2026-01-21 21:53:00,negative,positive,2024-02
Carefood,yandex,"Очень нравится раздел с готовыми завтраками и мюсли. Много вариантов без сахара и глютена. Здорово, что думаете о покупателях.",5,2024-06-05,2026-01-21 21:53:00,positive,positive,2024-06
Carefood,yandex,"Ценники иногда не соответствуют реальности. На полке одна цена, на кассе — другая. Будьте внимательны при проверке чека.",2,2023-09-10,2026-01-21 21:53:00,negative,negative,2023-09
Carefood,yandex,"Отличный выбор масла: оливковое, льняное, кокосовое — на любой вкус и кошелек. Качество продукции радует.",5,2024-01-15,2026-01-21 21:53:00,positive,positive,2024-01
Carefood,yandex,"В магазине чисто, но в туалетах ТРЦ рядом с гипермаркетом часто грязно. Сам Carefood внутри идеален.",4,2024-05-02,2026-01-21 21:53:00,neutral,positive,2024-05
Carefood,yandex,Покупаем здесь свежую рыбу каждую неделю. Всегда хороший выбор сибаса и дорадо. Продавцы чистят рыбу на месте бесплатно.,5,2023-12-18,2026-01-21 21:53:00,positive,positive,2023-12
Carefood,yandex,"Мало корзинок для покупок на входе. Приходится брать огромную тележку, даже если зашел за пачкой печенья.",3,2024-04-18,2026-01-21 21:53:00,neutral,neutral,2024-04
Carefood,yandex,Самый вкусный хлеб в городе! Особенно бездрожжевой и с семечками. Спасибо пекарям за их труд.,5,2024-03-01,2026-01-21 21:53:00,neutral,positive,2024-03
Carefood,yandex,"Удобная бонусная программа. Часто приходят уведомления о персональных скидках на любимые товары. Мелочь, а приятно.",5,2023-11-25,2026-01-21 21:53:00,positive,positive,2023-11
Carefood,yandex,"Цены на яйца и молоко выше, чем в Магнуме. Если нужно сэкономить, то лучше идти в другие сети.",3,2024-02-25,2026-01-21 21:53:00,negative,neutral,2024-02
Carefood,yandex,"Очень вежливые охранники, всегда помогут с тележкой или подскажут, где находится нужный отдел. Редкий сервис.",5,2024-06-18,2026-01-21 21:53:00,positive,positive,2024-06
Carefood,yandex,"В отделе заморозки часто лежит снег на упаковках. Видимо, холодильники работают неправильно или их долго не чистили.",2,2023-08-28,2026-01-21 21:53:00,neutral,negative,2023-08
Carefood,yandex,"Огромный выбор макаронных изделий из Италии. Вкус совсем другой, чем у наших местных. Советую попробовать.",5,2024-01-12,2026-01-21 21:53:00,neutral,positive,2024-01
Carefood,yandex,Магазин для гурманов. Нашла здесь трюфельное масло и каперсы по нормальной цене. Ассортимент — супер!,5,2024-05-10,2026-01-21 21:53:00,positive,positive,2024-05
Carefood,yandex,"Парковка платная, что немного раздражает, если заскочил на 5 минут. Сам магазин отличный, вопросов нет.",4,2023-10-30,2026-01-21 21:53:00,positive,positive,2023-10
Carefood,yandex,"Часто покупаем здесь мясо на шашлык. Маринад всегда вкусный, мясо мягкое и свежее. Друзья всегда спрашивают, где брали.",5,2024-04-25,2026-01-21 21:53:00,neutral,positive,2024-04
Carefood,yandex,В магазине очень шумно из-за постоянной рекламы по громкоговорителю. Голова начинает болеть через 15 минут.,2,2023-12-10,2026-01-21 21:53:00,positive,negative,2023-12
Carefood,yandex,Лучшее место для покупки подарков в последний момент. Всегда можно собрать корзину из деликатесов или купить хороший набор косметики.,5,2024-03-20,2026-01-21 21:53:00,neutral,positive,2024-03
Carefood,yandex,"Цены кусаются, но зато здесь нет толкучки и очередей, как в более дешевых магазинах. Комфорт стоит денег.",4,2023-11-02,2026-01-21 21:53:00,positive,positive,2023-11
Carefood,yandex,"Огромный выбор соков и напитков. Нашла редкие вкусы, которые раньше видела только за границей. Здорово!",5,2024-02-08,2026-01-21 21:53:00,positive,positive,2024-02
Carefood,yandex,"Магазин неплохой, но овощи часто лежат вялые. Особенно это касается огурцов и помидоров. Нужно лучше следить за витриной.",3,2024-06-22,2026-01-21 21:53:00,neutral,neutral,2024-06
Carefood,yandex,"Прекрасный выбор сыров. Есть и мягкие, и твердые, и с плесенью. Продавцы дают пробовать, если попросишь.",5,2023-09-05,2026-01-21 21:53:00,negative,positive,2023-09
Carefood,yandex,"Удобное расположение в Гранд Парке. После кино всегда заходим за продуктами. Всё устраивает, рекомендую.",5,2024-01-28,2026-01-21 21:53:00,positive,positive,2024-01
Carefood,yandex,"Не понравилась работа кассира — швыряла продукты в пакет, в итоге помяла хлеб. Нужно бережнее относиться к чужим покупкам.",2,2024-05-18,2026-01-21 21:53:00,neutral,negative,2024-05
Carefood,yandex,"Шикарный отдел с готовой едой. Всегда свежее, выбор блюд огромный: от супов до десертов. Очень выручает.",5,2024-03-12,2026-01-21 21:53:00,positive,positive,2024-03
Carefood,yandex,"Магазин очень большой, легко заблудиться. Но сотрудники всегда готовы подсказать дорогу к нужному отделу.",4,2023-12-25,2026-01-21 21:53:00,positive,positive,2023-12
Carefood,yandex,Обожаю местную кондитерскую! Макаруны здесь почти как в Париже. Очень нежные и вкусные.,5,2024-02-18,2026-01-21 21:53:00,neutral,positive,2024-02
Carefood,yandex,"Мало касс работает в утренние часы. Приходится ждать, пока кассир придет на место. Не очень оперативно.",3,2024-06-08,2026-01-21 21:53:00,neutral,neutral,2024-06
Carefood,yandex,"Отличный выбор бытовой химии, есть эко-бренды, которые не вредят природе. Для меня это важно.",5,2023-10-12,2026-01-21 21:53:00,positive,positive,2023-10
Carefood,yandex,Цены на импортные товары сильно выросли за последний месяц. Скоро Carefood станет магазином только для элиты.,3,2024-04-02,2026-01-21 21:53:00,negative,neutral,2024-04
Carefood,yandex,"В магазине всегда очень светло и чисто. Полы моют постоянно, витрины блестят. Приятно покупать продукты в такой обстановке.",5,2024-03-05,2026-01-21 21:53:00,positive,positive,2024-03
Carefood,yandex,"Купила здесь очень вкусные креветки по акции. Качество отличное, льда почти не было. Буду брать еще.",5,2023-11-28,2026-01-21 21:53:00,positive,positive,2023-11
Carefood,yandex,"Персонал в зале иногда игнорирует вопросы покупателей. Стояла пять минут ждала, пока освободится консультант, в итоге ушла ни с чем.",2,2024-01-20,2026-01-21 21:53:00,negative,negative,2024-01
Carefood,yandex,"Самый лучший выбор шоколада в Алматы. Есть плитки из Бельгии, Швейцарии и даже Франции. Настоящий рай для сладкоежек.",5,2024-05-25,2026-01-21 21:53:00,positive,positive,2024-05
Carefood,yandex,"Удобно, что есть кассы самообслуживания. Если покупок немного, можно проскочить очень быстро без очередей.",5,2023-09-18,2026-01-21 21:53:00,positive,positive,2023-09
Carefood,yandex,"Магазин хороший, но не хватает нормальных указателей. Каждый раз ищу отдел с яйцами как в первый раз.",3,2024-02-28,2026-01-21 21:53:00,neutral,neutral,2024-02
Carefood,yandex,"Всегда свежий творог и сметана от местных фермеров. Качество гораздо лучше, чем у магазинных брендов в пачках.",5,2024-06-12,2026-01-21 21:53:00,neutral,positive,2024-06
Carefood,yandex,Цены на оливковое масло просто заоблачные. В других местах можно найти то же самое в полтора раза дешевле.,2,2023-12-01,2026-01-21 21:53:00,negative,negative,2023-12
Carefood,yandex,Огромное спасибо за выбор товаров для диабетиков. Очень много сладостей на стевии и муки с низким гликемическим индексом.,5,2024-04-15,2026-01-21 21:53:00,positive,positive,2024-04
Carefood,yandex,"Магазин огромный, выбор сумасшедший. Можно найти практически всё, что угодно душе. Цены соответствуют уровню.",5,2024-03-18,2026-01-21 21:53:00,positive,positive,2024-03
Carefood,yandex,"В отделе кулинарии обсчитали на 500 тенге. Заметила только дома. Мелочь, а осадок остался неприятный. Проверяйте чеки!",2,2023-10-25,2026-01-21 21:53:00,neutral,negative,2023-10
Carefood,yandex,"Люблю этот гипермаркет за атмосферу. Спокойно, красиво, играет приятная музыка. Шопинг превращается в отдых.",5,2024-01-08,2026-01-21 21:53:00,positive,positive,2024-01
Carefood,yandex,"Хороший выбор товаров для животных. Нашел здесь специальный лечебный корм, которого нигде в городе не было в наличии.",5,2024-05-30,2026-01-21 21:53:00,neutral,positive,2024-05
Carefood,yandex,"Магазин неплохой, но на кассах часто нет мелких денег для сдачи. Просят оплачивать картой, а если её нет — ждешь администратора.",3,2023-11-08,2026-01-21 21:53:00,negative,neutral,2023-11
Carefood,yandex,"Шикарный выбор морепродуктов: крабы, лобстеры, устрицы — всё живое или охлажденное. Для особого случая — идеальное место.",5,2024-02-14,2026-01-21 21:53:00,positive,positive,2024-02
Carefood,yandex,"В магазине очень холодно в отделе молочки, прямо зубы начинают стучать. Нужно одеваться теплее перед походом сюда.",3,2024-06-01,2026-01-21 21:53:00,neutral,neutral,2024-06
Carefood,yandex,"Всегда свежие экзотические фрукты: манго, маракуйя, питахайя — вкус как в Таиланде. Качество на высоте.",5,2023-09-22,2026-01-21 21:53:00,positive,positive,2023-09
Carefood,yandex,"Цены на хлеб собственной выпечки выросли в два раза за полгода. Очень жаль, теперь покупаем его реже.",3,2024-04-20,2026-01-21 21:53:00,neutral,neutral,2024-04
Carefood,yandex,"Магазин — супер! Персонал, ассортимент, чистота — всё на высшем уровне. Мой любимый супермаркет в Алматы.",5,2024-03-25,2026-01-21 21:53:00,positive,positive,2024-03
Carefood,yandex,"Неудобно, что пакеты платные и дорогие. При такой стоимости продуктов могли бы и бесплатно давать.",2,2023-12-12,2026-01-21 21:53:00,negative,negative,2023-12
Carefood,yandex,"Отличный выбор вина из Грузии. Нашла здесь свои любимые марки, которые редко встречаются в обычных магазинах.",5,2024-01-15,2026-01-21 21:53:00,positive,positive,2024-01
